global_step,episodic_return,algorithm,seed,run_dir
56,14.0,ppo,2,runs\CartPole-v1__ppo__2__1784437811
64,16.0,ppo,2,runs\CartPole-v1__ppo__2__1784437811
76,19.0,ppo,2,runs\CartPole-v1__ppo__2__1784437811
144,17.0,ppo,2,runs\CartPole-v1__ppo__2__1784437811
168,28.0,ppo,2,runs\CartPole-v1__ppo__2__1784437811
172,27.0,ppo,2,runs\CartPole-v1__ppo__2__1784437811
220,12.0,ppo,2,runs\CartPole-v1__ppo__2__1784437811
240,24.0,ppo,2,runs\CartPole-v1__ppo__2__1784437811
268,25.0,ppo,2,runs\CartPole-v1__ppo__2__1784437811
272,13.0,ppo,2,runs\CartPole-v1__ppo__2__1784437811
288,72.0,ppo,2,runs\CartPole-v1__ppo__2__1784437811
308,17.0,ppo,2,runs\CartPole-v1__ppo__2__1784437811
340,18.0,ppo,2,runs\CartPole-v1__ppo__2__1784437811
344,14.0,ppo,2,runs\CartPole-v1__ppo__2__1784437811
352,20.0,ppo,2,runs\CartPole-v1__ppo__2__1784437811
388,20.0,ppo,2,runs\CartPole-v1__ppo__2__1784437811
392,12.0,ppo,2,runs\CartPole-v1__ppo__2__1784437811
444,23.0,ppo,2,runs\CartPole-v1__ppo__2__1784437811
452,16.0,ppo,2,runs\CartPole-v1__ppo__2__1784437811
492,12.0,ppo,2,runs\CartPole-v1__ppo__2__1784437811
520,45.0,ppo,2,runs\CartPole-v1__ppo__2__1784437811
544,38.0,ppo,2,runs\CartPole-v1__ppo__2__1784437811
552,15.0,ppo,2,runs\CartPole-v1__ppo__2__1784437811
556,26.0,ppo,2,runs\CartPole-v1__ppo__2__1784437811
608,14.0,ppo,2,runs\CartPole-v1__ppo__2__1784437811
616,18.0,ppo,2,runs\CartPole-v1__ppo__2__1784437811
668,13.0,ppo,2,runs\CartPole-v1__ppo__2__1784437811
684,41.0,ppo,2,runs\CartPole-v1__ppo__2__1784437811
724,42.0,ppo,2,runs\CartPole-v1__ppo__2__1784437811
752,21.0,ppo,2,runs\CartPole-v1__ppo__2__1784437811
768,21.0,ppo,2,runs\CartPole-v1__ppo__2__1784437811
824,14.0,ppo,2,runs\CartPole-v1__ppo__2__1784437811
836,57.0,ppo,2,runs\CartPole-v1__ppo__2__1784437811
872,30.0,ppo,2,runs\CartPole-v1__ppo__2__1784437811
896,18.0,ppo,2,runs\CartPole-v1__ppo__2__1784437811
900,16.0,ppo,2,runs\CartPole-v1__ppo__2__1784437811
996,68.0,ppo,2,runs\CartPole-v1__ppo__2__1784437811
1000,32.0,ppo,2,runs\CartPole-v1__ppo__2__1784437811
1004,27.0,ppo,2,runs\CartPole-v1__ppo__2__1784437811
1040,35.0,ppo,2,runs\CartPole-v1__ppo__2__1784437811
1100,24.0,ppo,2,runs\CartPole-v1__ppo__2__1784437811
1120,30.0,ppo,2,runs\CartPole-v1__ppo__2__1784437811
1124,32.0,ppo,2,runs\CartPole-v1__ppo__2__1784437811
1136,24.0,ppo,2,runs\CartPole-v1__ppo__2__1784437811
1172,12.0,ppo,2,runs\CartPole-v1__ppo__2__1784437811
1184,21.0,ppo,2,runs\CartPole-v1__ppo__2__1784437811
1228,11.0,ppo,2,runs\CartPole-v1__ppo__2__1784437811
1256,34.0,ppo,2,runs\CartPole-v1__ppo__2__1784437811
1260,22.0,ppo,2,runs\CartPole-v1__ppo__2__1784437811
1272,34.0,ppo,2,runs\CartPole-v1__ppo__2__1784437811
1276,12.0,ppo,2,runs\CartPole-v1__ppo__2__1784437811
1316,14.0,ppo,2,runs\CartPole-v1__ppo__2__1784437811
1324,17.0,ppo,2,runs\CartPole-v1__ppo__2__1784437811
1336,15.0,ppo,2,runs\CartPole-v1__ppo__2__1784437811
1360,11.0,ppo,2,runs\CartPole-v1__ppo__2__1784437811
1424,25.0,ppo,2,runs\CartPole-v1__ppo__2__1784437811
1428,39.0,ppo,2,runs\CartPole-v1__ppo__2__1784437811
1432,24.0,ppo,2,runs\CartPole-v1__ppo__2__1784437811
1464,26.0,ppo,2,runs\CartPole-v1__ppo__2__1784437811
1468,11.0,ppo,2,runs\CartPole-v1__ppo__2__1784437811
1524,24.0,ppo,2,runs\CartPole-v1__ppo__2__1784437811
1528,15.0,ppo,2,runs\CartPole-v1__ppo__2__1784437811
1544,20.0,ppo,2,runs\CartPole-v1__ppo__2__1784437811
1584,15.0,ppo,2,runs\CartPole-v1__ppo__2__1784437811
1596,17.0,ppo,2,runs\CartPole-v1__ppo__2__1784437811
1620,47.0,ppo,2,runs\CartPole-v1__ppo__2__1784437811
1644,12.0,ppo,2,runs\CartPole-v1__ppo__2__1784437811
1696,13.0,ppo,2,runs\CartPole-v1__ppo__2__1784437811
1736,29.0,ppo,2,runs\CartPole-v1__ppo__2__1784437811
1736,38.0,ppo,2,runs\CartPole-v1__ppo__2__1784437811
1740,11.0,ppo,2,runs\CartPole-v1__ppo__2__1784437811
1816,20.0,ppo,2,runs\CartPole-v1__ppo__2__1784437811
1840,25.0,ppo,2,runs\CartPole-v1__ppo__2__1784437811
1860,31.0,ppo,2,runs\CartPole-v1__ppo__2__1784437811
1924,21.0,ppo,2,runs\CartPole-v1__ppo__2__1784437811
1952,102.0,ppo,2,runs\CartPole-v1__ppo__2__1784437811
1968,27.0,ppo,2,runs\CartPole-v1__ppo__2__1784437811
2004,13.0,ppo,2,runs\CartPole-v1__ppo__2__1784437811
2048,31.0,ppo,2,runs\CartPole-v1__ppo__2__1784437811
2056,13.0,ppo,2,runs\CartPole-v1__ppo__2__1784437811
2068,25.0,ppo,2,runs\CartPole-v1__ppo__2__1784437811
2084,67.0,ppo,2,runs\CartPole-v1__ppo__2__1784437811
2140,23.0,ppo,2,runs\CartPole-v1__ppo__2__1784437811
2176,30.0,ppo,2,runs\CartPole-v1__ppo__2__1784437811
2180,28.0,ppo,2,runs\CartPole-v1__ppo__2__1784437811
2212,32.0,ppo,2,runs\CartPole-v1__ppo__2__1784437811
2216,10.0,ppo,2,runs\CartPole-v1__ppo__2__1784437811
2220,20.0,ppo,2,runs\CartPole-v1__ppo__2__1784437811
2252,18.0,ppo,2,runs\CartPole-v1__ppo__2__1784437811
2276,15.0,ppo,2,runs\CartPole-v1__ppo__2__1784437811
2312,15.0,ppo,2,runs\CartPole-v1__ppo__2__1784437811
2356,36.0,ppo,2,runs\CartPole-v1__ppo__2__1784437811
2400,22.0,ppo,2,runs\CartPole-v1__ppo__2__1784437811
2432,53.0,ppo,2,runs\CartPole-v1__ppo__2__1784437811
2460,26.0,ppo,2,runs\CartPole-v1__ppo__2__1784437811
2472,18.0,ppo,2,runs\CartPole-v1__ppo__2__1784437811
2508,58.0,ppo,2,runs\CartPole-v1__ppo__2__1784437811
2516,21.0,ppo,2,runs\CartPole-v1__ppo__2__1784437811
2564,23.0,ppo,2,runs\CartPole-v1__ppo__2__1784437811
2568,13.0,ppo,2,runs\CartPole-v1__ppo__2__1784437811
2596,34.0,ppo,2,runs\CartPole-v1__ppo__2__1784437811
2616,27.0,ppo,2,runs\CartPole-v1__ppo__2__1784437811
2660,11.0,ppo,2,runs\CartPole-v1__ppo__2__1784437811
2660,23.0,ppo,2,runs\CartPole-v1__ppo__2__1784437811
2664,25.0,ppo,2,runs\CartPole-v1__ppo__2__1784437811
2708,12.0,ppo,2,runs\CartPole-v1__ppo__2__1784437811
2728,16.0,ppo,2,runs\CartPole-v1__ppo__2__1784437811
2748,10.0,ppo,2,runs\CartPole-v1__ppo__2__1784437811
2764,42.0,ppo,2,runs\CartPole-v1__ppo__2__1784437811
2768,27.0,ppo,2,runs\CartPole-v1__ppo__2__1784437811
2808,20.0,ppo,2,runs\CartPole-v1__ppo__2__1784437811
2836,18.0,ppo,2,runs\CartPole-v1__ppo__2__1784437811
2872,16.0,ppo,2,runs\CartPole-v1__ppo__2__1784437811
2896,32.0,ppo,2,runs\CartPole-v1__ppo__2__1784437811
2960,53.0,ppo,2,runs\CartPole-v1__ppo__2__1784437811
2964,32.0,ppo,2,runs\CartPole-v1__ppo__2__1784437811
3016,14.0,ppo,2,runs\CartPole-v1__ppo__2__1784437811
3016,30.0,ppo,2,runs\CartPole-v1__ppo__2__1784437811
3084,17.0,ppo,2,runs\CartPole-v1__ppo__2__1784437811
3108,23.0,ppo,2,runs\CartPole-v1__ppo__2__1784437811
3148,69.0,ppo,2,runs\CartPole-v1__ppo__2__1784437811
3152,17.0,ppo,2,runs\CartPole-v1__ppo__2__1784437811
3176,53.0,ppo,2,runs\CartPole-v1__ppo__2__1784437811
3248,25.0,ppo,2,runs\CartPole-v1__ppo__2__1784437811
3276,25.0,ppo,2,runs\CartPole-v1__ppo__2__1784437811
3332,56.0,ppo,2,runs\CartPole-v1__ppo__2__1784437811
3352,19.0,ppo,2,runs\CartPole-v1__ppo__2__1784437811
3364,29.0,ppo,2,runs\CartPole-v1__ppo__2__1784437811
3388,59.0,ppo,2,runs\CartPole-v1__ppo__2__1784437811
3436,26.0,ppo,2,runs\CartPole-v1__ppo__2__1784437811
3444,20.0,ppo,2,runs\CartPole-v1__ppo__2__1784437811
3520,19.0,ppo,2,runs\CartPole-v1__ppo__2__1784437811
3524,22.0,ppo,2,runs\CartPole-v1__ppo__2__1784437811
3544,39.0,ppo,2,runs\CartPole-v1__ppo__2__1784437811
3576,14.0,ppo,2,runs\CartPole-v1__ppo__2__1784437811
3584,58.0,ppo,2,runs\CartPole-v1__ppo__2__1784437811
3600,14.0,ppo,2,runs\CartPole-v1__ppo__2__1784437811
3684,40.0,ppo,2,runs\CartPole-v1__ppo__2__1784437811
3724,35.0,ppo,2,runs\CartPole-v1__ppo__2__1784437811
3744,36.0,ppo,2,runs\CartPole-v1__ppo__2__1784437811
3792,17.0,ppo,2,runs\CartPole-v1__ppo__2__1784437811
3864,18.0,ppo,2,runs\CartPole-v1__ppo__2__1784437811
3880,76.0,ppo,2,runs\CartPole-v1__ppo__2__1784437811
3932,17.0,ppo,2,runs\CartPole-v1__ppo__2__1784437811
3964,70.0,ppo,2,runs\CartPole-v1__ppo__2__1784437811
3988,61.0,ppo,2,runs\CartPole-v1__ppo__2__1784437811
3992,15.0,ppo,2,runs\CartPole-v1__ppo__2__1784437811
4028,16.0,ppo,2,runs\CartPole-v1__ppo__2__1784437811
4076,21.0,ppo,2,runs\CartPole-v1__ppo__2__1784437811
4088,25.0,ppo,2,runs\CartPole-v1__ppo__2__1784437811
4100,55.0,ppo,2,runs\CartPole-v1__ppo__2__1784437811
4136,27.0,ppo,2,runs\CartPole-v1__ppo__2__1784437811
4164,16.0,ppo,2,runs\CartPole-v1__ppo__2__1784437811
4200,28.0,ppo,2,runs\CartPole-v1__ppo__2__1784437811
4224,37.0,ppo,2,runs\CartPole-v1__ppo__2__1784437811
4256,14.0,ppo,2,runs\CartPole-v1__ppo__2__1784437811
4300,19.0,ppo,2,runs\CartPole-v1__ppo__2__1784437811
4420,41.0,ppo,2,runs\CartPole-v1__ppo__2__1784437811
4448,71.0,ppo,2,runs\CartPole-v1__ppo__2__1784437811
4456,80.0,ppo,2,runs\CartPole-v1__ppo__2__1784437811
4480,15.0,ppo,2,runs\CartPole-v1__ppo__2__1784437811
4496,49.0,ppo,2,runs\CartPole-v1__ppo__2__1784437811
4588,35.0,ppo,2,runs\CartPole-v1__ppo__2__1784437811
4612,33.0,ppo,2,runs\CartPole-v1__ppo__2__1784437811
4616,40.0,ppo,2,runs\CartPole-v1__ppo__2__1784437811
4736,30.0,ppo,2,runs\CartPole-v1__ppo__2__1784437811
4748,40.0,ppo,2,runs\CartPole-v1__ppo__2__1784437811
4756,65.0,ppo,2,runs\CartPole-v1__ppo__2__1784437811
4820,18.0,ppo,2,runs\CartPole-v1__ppo__2__1784437811
4868,28.0,ppo,2,runs\CartPole-v1__ppo__2__1784437811
4900,72.0,ppo,2,runs\CartPole-v1__ppo__2__1784437811
4964,36.0,ppo,2,runs\CartPole-v1__ppo__2__1784437811
5000,25.0,ppo,2,runs\CartPole-v1__ppo__2__1784437811
5024,72.0,ppo,2,runs\CartPole-v1__ppo__2__1784437811
5096,57.0,ppo,2,runs\CartPole-v1__ppo__2__1784437811
5144,36.0,ppo,2,runs\CartPole-v1__ppo__2__1784437811
5220,64.0,ppo,2,runs\CartPole-v1__ppo__2__1784437811
5220,49.0,ppo,2,runs\CartPole-v1__ppo__2__1784437811
5260,29.0,ppo,2,runs\CartPole-v1__ppo__2__1784437811
5376,70.0,ppo,2,runs\CartPole-v1__ppo__2__1784437811
5380,40.0,ppo,2,runs\CartPole-v1__ppo__2__1784437811
5404,36.0,ppo,2,runs\CartPole-v1__ppo__2__1784437811
5476,24.0,ppo,2,runs\CartPole-v1__ppo__2__1784437811
5496,69.0,ppo,2,runs\CartPole-v1__ppo__2__1784437811
5560,39.0,ppo,2,runs\CartPole-v1__ppo__2__1784437811
5584,52.0,ppo,2,runs\CartPole-v1__ppo__2__1784437811
5668,48.0,ppo,2,runs\CartPole-v1__ppo__2__1784437811
5672,44.0,ppo,2,runs\CartPole-v1__ppo__2__1784437811
5844,44.0,ppo,2,runs\CartPole-v1__ppo__2__1784437811
5892,77.0,ppo,2,runs\CartPole-v1__ppo__2__1784437811
5900,57.0,ppo,2,runs\CartPole-v1__ppo__2__1784437811
5940,95.0,ppo,2,runs\CartPole-v1__ppo__2__1784437811
6036,48.0,ppo,2,runs\CartPole-v1__ppo__2__1784437811
6052,28.0,ppo,2,runs\CartPole-v1__ppo__2__1784437811
6096,51.0,ppo,2,runs\CartPole-v1__ppo__2__1784437811
6100,50.0,ppo,2,runs\CartPole-v1__ppo__2__1784437811
6160,16.0,ppo,2,runs\CartPole-v1__ppo__2__1784437811
6176,19.0,ppo,2,runs\CartPole-v1__ppo__2__1784437811
6212,40.0,ppo,2,runs\CartPole-v1__ppo__2__1784437811
6288,19.0,ppo,2,runs\CartPole-v1__ppo__2__1784437811
6360,81.0,ppo,2,runs\CartPole-v1__ppo__2__1784437811
6404,29.0,ppo,2,runs\CartPole-v1__ppo__2__1784437811
6512,38.0,ppo,2,runs\CartPole-v1__ppo__2__1784437811
6520,29.0,ppo,2,runs\CartPole-v1__ppo__2__1784437811
6540,91.0,ppo,2,runs\CartPole-v1__ppo__2__1784437811
6672,128.0,ppo,2,runs\CartPole-v1__ppo__2__1784437811
6740,57.0,ppo,2,runs\CartPole-v1__ppo__2__1784437811
6760,60.0,ppo,2,runs\CartPole-v1__ppo__2__1784437811
6880,52.0,ppo,2,runs\CartPole-v1__ppo__2__1784437811
6924,46.0,ppo,2,runs\CartPole-v1__ppo__2__1784437811
6928,42.0,ppo,2,runs\CartPole-v1__ppo__2__1784437811
6936,99.0,ppo,2,runs\CartPole-v1__ppo__2__1784437811
7032,27.0,ppo,2,runs\CartPole-v1__ppo__2__1784437811
7068,47.0,ppo,2,runs\CartPole-v1__ppo__2__1784437811
7196,32.0,ppo,2,runs\CartPole-v1__ppo__2__1784437811
7348,79.0,ppo,2,runs\CartPole-v1__ppo__2__1784437811
7364,109.0,ppo,2,runs\CartPole-v1__ppo__2__1784437811
7436,125.0,ppo,2,runs\CartPole-v1__ppo__2__1784437811
7524,82.0,ppo,2,runs\CartPole-v1__ppo__2__1784437811
7580,58.0,ppo,2,runs\CartPole-v1__ppo__2__1784437811
7616,45.0,ppo,2,runs\CartPole-v1__ppo__2__1784437811
7696,83.0,ppo,2,runs\CartPole-v1__ppo__2__1784437811
7752,57.0,ppo,2,runs\CartPole-v1__ppo__2__1784437811
7848,67.0,ppo,2,runs\CartPole-v1__ppo__2__1784437811
7896,70.0,ppo,2,runs\CartPole-v1__ppo__2__1784437811
7920,56.0,ppo,2,runs\CartPole-v1__ppo__2__1784437811
7996,25.0,ppo,2,runs\CartPole-v1__ppo__2__1784437811
8000,38.0,ppo,2,runs\CartPole-v1__ppo__2__1784437811
8044,31.0,ppo,2,runs\CartPole-v1__ppo__2__1784437811
8060,77.0,ppo,2,runs\CartPole-v1__ppo__2__1784437811
8216,54.0,ppo,2,runs\CartPole-v1__ppo__2__1784437811
8232,43.0,ppo,2,runs\CartPole-v1__ppo__2__1784437811
8252,52.0,ppo,2,runs\CartPole-v1__ppo__2__1784437811
8356,35.0,ppo,2,runs\CartPole-v1__ppo__2__1784437811
8384,97.0,ppo,2,runs\CartPole-v1__ppo__2__1784437811
8540,46.0,ppo,2,runs\CartPole-v1__ppo__2__1784437811
8612,57.0,ppo,2,runs\CartPole-v1__ppo__2__1784437811
8704,41.0,ppo,2,runs\CartPole-v1__ppo__2__1784437811
8720,122.0,ppo,2,runs\CartPole-v1__ppo__2__1784437811
8788,44.0,ppo,2,runs\CartPole-v1__ppo__2__1784437811
9028,81.0,ppo,2,runs\CartPole-v1__ppo__2__1784437811
9032,195.0,ppo,2,runs\CartPole-v1__ppo__2__1784437811
9088,75.0,ppo,2,runs\CartPole-v1__ppo__2__1784437811
9112,98.0,ppo,2,runs\CartPole-v1__ppo__2__1784437811
9312,70.0,ppo,2,runs\CartPole-v1__ppo__2__1784437811
9384,68.0,ppo,2,runs\CartPole-v1__ppo__2__1784437811
9396,92.0,ppo,2,runs\CartPole-v1__ppo__2__1784437811
9480,98.0,ppo,2,runs\CartPole-v1__ppo__2__1784437811
9588,48.0,ppo,2,runs\CartPole-v1__ppo__2__1784437811
9600,72.0,ppo,2,runs\CartPole-v1__ppo__2__1784437811
9628,61.0,ppo,2,runs\CartPole-v1__ppo__2__1784437811
9936,87.0,ppo,2,runs\CartPole-v1__ppo__2__1784437811
10032,108.0,ppo,2,runs\CartPole-v1__ppo__2__1784437811
10048,142.0,ppo,2,runs\CartPole-v1__ppo__2__1784437811
10136,127.0,ppo,2,runs\CartPole-v1__ppo__2__1784437811
10160,56.0,ppo,2,runs\CartPole-v1__ppo__2__1784437811
10220,47.0,ppo,2,runs\CartPole-v1__ppo__2__1784437811
10236,47.0,ppo,2,runs\CartPole-v1__ppo__2__1784437811
10264,26.0,ppo,2,runs\CartPole-v1__ppo__2__1784437811
10436,50.0,ppo,2,runs\CartPole-v1__ppo__2__1784437811
10672,59.0,ppo,2,runs\CartPole-v1__ppo__2__1784437811
10672,102.0,ppo,2,runs\CartPole-v1__ppo__2__1784437811
10716,145.0,ppo,2,runs\CartPole-v1__ppo__2__1784437811
10736,129.0,ppo,2,runs\CartPole-v1__ppo__2__1784437811
10820,37.0,ppo,2,runs\CartPole-v1__ppo__2__1784437811
10948,53.0,ppo,2,runs\CartPole-v1__ppo__2__1784437811
11060,86.0,ppo,2,runs\CartPole-v1__ppo__2__1784437811
11120,75.0,ppo,2,runs\CartPole-v1__ppo__2__1784437811
11228,139.0,ppo,2,runs\CartPole-v1__ppo__2__1784437811
11344,56.0,ppo,2,runs\CartPole-v1__ppo__2__1784437811
11648,175.0,ppo,2,runs\CartPole-v1__ppo__2__1784437811
11780,180.0,ppo,2,runs\CartPole-v1__ppo__2__1784437811
11788,140.0,ppo,2,runs\CartPole-v1__ppo__2__1784437811
11816,118.0,ppo,2,runs\CartPole-v1__ppo__2__1784437811
11824,44.0,ppo,2,runs\CartPole-v1__ppo__2__1784437811
12340,131.0,ppo,2,runs\CartPole-v1__ppo__2__1784437811
12412,158.0,ppo,2,runs\CartPole-v1__ppo__2__1784437811
12616,198.0,ppo,2,runs\CartPole-v1__ppo__2__1784437811
12968,295.0,ppo,2,runs\CartPole-v1__ppo__2__1784437811
13116,176.0,ppo,2,runs\CartPole-v1__ppo__2__1784437811
13628,322.0,ppo,2,runs\CartPole-v1__ppo__2__1784437811
13836,305.0,ppo,2,runs\CartPole-v1__ppo__2__1784437811
14228,315.0,ppo,2,runs\CartPole-v1__ppo__2__1784437811
14252,284.0,ppo,2,runs\CartPole-v1__ppo__2__1784437811
14812,296.0,ppo,2,runs\CartPole-v1__ppo__2__1784437811
14844,154.0,ppo,2,runs\CartPole-v1__ppo__2__1784437811
14852,254.0,ppo,2,runs\CartPole-v1__ppo__2__1784437811
15076,206.0,ppo,2,runs\CartPole-v1__ppo__2__1784437811
15184,93.0,ppo,2,runs\CartPole-v1__ppo__2__1784437811
15336,121.0,ppo,2,runs\CartPole-v1__ppo__2__1784437811
15596,103.0,ppo,2,runs\CartPole-v1__ppo__2__1784437811
16016,170.0,ppo,2,runs\CartPole-v1__ppo__2__1784437811
16068,248.0,ppo,2,runs\CartPole-v1__ppo__2__1784437811
16136,323.0,ppo,2,runs\CartPole-v1__ppo__2__1784437811
16488,223.0,ppo,2,runs\CartPole-v1__ppo__2__1784437811
16680,153.0,ppo,2,runs\CartPole-v1__ppo__2__1784437811
16796,195.0,ppo,2,runs\CartPole-v1__ppo__2__1784437811
16996,215.0,ppo,2,runs\CartPole-v1__ppo__2__1784437811
17116,109.0,ppo,2,runs\CartPole-v1__ppo__2__1784437811
17588,275.0,ppo,2,runs\CartPole-v1__ppo__2__1784437811
17744,187.0,ppo,2,runs\CartPole-v1__ppo__2__1784437811
17796,250.0,ppo,2,runs\CartPole-v1__ppo__2__1784437811
18096,75.0,ppo,2,runs\CartPole-v1__ppo__2__1784437811
18128,253.0,ppo,2,runs\CartPole-v1__ppo__2__1784437811
18400,203.0,ppo,2,runs\CartPole-v1__ppo__2__1784437811
18704,152.0,ppo,2,runs\CartPole-v1__ppo__2__1784437811
18744,250.0,ppo,2,runs\CartPole-v1__ppo__2__1784437811
19116,247.0,ppo,2,runs\CartPole-v1__ppo__2__1784437811
19284,135.0,ppo,2,runs\CartPole-v1__ppo__2__1784437811
19440,184.0,ppo,2,runs\CartPole-v1__ppo__2__1784437811
19740,156.0,ppo,2,runs\CartPole-v1__ppo__2__1784437811
19872,147.0,ppo,2,runs\CartPole-v1__ppo__2__1784437811
20116,94.0,ppo,2,runs\CartPole-v1__ppo__2__1784437811
20116,429.0,ppo,2,runs\CartPole-v1__ppo__2__1784437811
20204,191.0,ppo,2,runs\CartPole-v1__ppo__2__1784437811
20572,175.0,ppo,2,runs\CartPole-v1__ppo__2__1784437811
20620,126.0,ppo,2,runs\CartPole-v1__ppo__2__1784437811
20664,115.0,ppo,2,runs\CartPole-v1__ppo__2__1784437811
20960,211.0,ppo,2,runs\CartPole-v1__ppo__2__1784437811
21080,127.0,ppo,2,runs\CartPole-v1__ppo__2__1784437811
21388,192.0,ppo,2,runs\CartPole-v1__ppo__2__1784437811
21412,187.0,ppo,2,runs\CartPole-v1__ppo__2__1784437811
21748,197.0,ppo,2,runs\CartPole-v1__ppo__2__1784437811
21900,205.0,ppo,2,runs\CartPole-v1__ppo__2__1784437811
21980,148.0,ppo,2,runs\CartPole-v1__ppo__2__1784437811
22440,115.0,ppo,2,runs\CartPole-v1__ppo__2__1784437811
22540,198.0,ppo,2,runs\CartPole-v1__ppo__2__1784437811
22548,162.0,ppo,2,runs\CartPole-v1__ppo__2__1784437811
22720,327.0,ppo,2,runs\CartPole-v1__ppo__2__1784437811
22936,124.0,ppo,2,runs\CartPole-v1__ppo__2__1784437811
23208,167.0,ppo,2,runs\CartPole-v1__ppo__2__1784437811
23288,185.0,ppo,2,runs\CartPole-v1__ppo__2__1784437811
23492,193.0,ppo,2,runs\CartPole-v1__ppo__2__1784437811
23764,139.0,ppo,2,runs\CartPole-v1__ppo__2__1784437811
23832,136.0,ppo,2,runs\CartPole-v1__ppo__2__1784437811
24100,291.0,ppo,2,runs\CartPole-v1__ppo__2__1784437811
24232,100.0,ppo,2,runs\CartPole-v1__ppo__2__1784437811
24352,215.0,ppo,2,runs\CartPole-v1__ppo__2__1784437811
24968,184.0,ppo,2,runs\CartPole-v1__ppo__2__1784437811
25104,335.0,ppo,2,runs\CartPole-v1__ppo__2__1784437811
25124,256.0,ppo,2,runs\CartPole-v1__ppo__2__1784437811
25364,253.0,ppo,2,runs\CartPole-v1__ppo__2__1784437811
25928,201.0,ppo,2,runs\CartPole-v1__ppo__2__1784437811
26008,161.0,ppo,2,runs\CartPole-v1__ppo__2__1784437811
26040,268.0,ppo,2,runs\CartPole-v1__ppo__2__1784437811
26348,311.0,ppo,2,runs\CartPole-v1__ppo__2__1784437811
26580,163.0,ppo,2,runs\CartPole-v1__ppo__2__1784437811
26752,178.0,ppo,2,runs\CartPole-v1__ppo__2__1784437811
26952,236.0,ppo,2,runs\CartPole-v1__ppo__2__1784437811
27308,240.0,ppo,2,runs\CartPole-v1__ppo__2__1784437811
27488,184.0,ppo,2,runs\CartPole-v1__ppo__2__1784437811
27560,245.0,ppo,2,runs\CartPole-v1__ppo__2__1784437811
27800,212.0,ppo,2,runs\CartPole-v1__ppo__2__1784437811
28028,135.0,ppo,2,runs\CartPole-v1__ppo__2__1784437811
28300,248.0,ppo,2,runs\CartPole-v1__ppo__2__1784437811
28772,303.0,ppo,2,runs\CartPole-v1__ppo__2__1784437811
28796,249.0,ppo,2,runs\CartPole-v1__ppo__2__1784437811
29160,283.0,ppo,2,runs\CartPole-v1__ppo__2__1784437811
29736,359.0,ppo,2,runs\CartPole-v1__ppo__2__1784437811
29860,175.0,ppo,2,runs\CartPole-v1__ppo__2__1784437811
30180,352.0,ppo,2,runs\CartPole-v1__ppo__2__1784437811
30388,398.0,ppo,2,runs\CartPole-v1__ppo__2__1784437811
30880,286.0,ppo,2,runs\CartPole-v1__ppo__2__1784437811
31272,353.0,ppo,2,runs\CartPole-v1__ppo__2__1784437811
31284,224.0,ppo,2,runs\CartPole-v1__ppo__2__1784437811
31536,339.0,ppo,2,runs\CartPole-v1__ppo__2__1784437811
32080,202.0,ppo,2,runs\CartPole-v1__ppo__2__1784437811
32120,209.0,ppo,2,runs\CartPole-v1__ppo__2__1784437811
32244,341.0,ppo,2,runs\CartPole-v1__ppo__2__1784437811
32288,188.0,ppo,2,runs\CartPole-v1__ppo__2__1784437811
32908,166.0,ppo,2,runs\CartPole-v1__ppo__2__1784437811
32952,218.0,ppo,2,runs\CartPole-v1__ppo__2__1784437811
33032,186.0,ppo,2,runs\CartPole-v1__ppo__2__1784437811
33644,153.0,ppo,2,runs\CartPole-v1__ppo__2__1784437811
33752,200.0,ppo,2,runs\CartPole-v1__ppo__2__1784437811
33836,429.0,ppo,2,runs\CartPole-v1__ppo__2__1784437811
34364,153.0,ppo,2,runs\CartPole-v1__ppo__2__1784437811
34460,204.0,ppo,2,runs\CartPole-v1__ppo__2__1784437811
34488,395.0,ppo,2,runs\CartPole-v1__ppo__2__1784437811
34744,227.0,ppo,2,runs\CartPole-v1__ppo__2__1784437811
35120,165.0,ppo,2,runs\CartPole-v1__ppo__2__1784437811
35256,128.0,ppo,2,runs\CartPole-v1__ppo__2__1784437811
35884,349.0,ppo,2,runs\CartPole-v1__ppo__2__1784437811
36364,500.0,ppo,2,runs\CartPole-v1__ppo__2__1784437811
36388,283.0,ppo,2,runs\CartPole-v1__ppo__2__1784437811
36548,357.0,ppo,2,runs\CartPole-v1__ppo__2__1784437811
36832,237.0,ppo,2,runs\CartPole-v1__ppo__2__1784437811
37104,139.0,ppo,2,runs\CartPole-v1__ppo__2__1784437811
37148,190.0,ppo,2,runs\CartPole-v1__ppo__2__1784437811
37556,181.0,ppo,2,runs\CartPole-v1__ppo__2__1784437811
37632,132.0,ppo,2,runs\CartPole-v1__ppo__2__1784437811
37720,339.0,ppo,2,runs\CartPole-v1__ppo__2__1784437811
37992,211.0,ppo,2,runs\CartPole-v1__ppo__2__1784437811
38260,157.0,ppo,2,runs\CartPole-v1__ppo__2__1784437811
38412,214.0,ppo,2,runs\CartPole-v1__ppo__2__1784437811
38748,189.0,ppo,2,runs\CartPole-v1__ppo__2__1784437811
38752,258.0,ppo,2,runs\CartPole-v1__ppo__2__1784437811
38808,137.0,ppo,2,runs\CartPole-v1__ppo__2__1784437811
38996,146.0,ppo,2,runs\CartPole-v1__ppo__2__1784437811
39252,125.0,ppo,2,runs\CartPole-v1__ppo__2__1784437811
39332,131.0,ppo,2,runs\CartPole-v1__ppo__2__1784437811
39440,173.0,ppo,2,runs\CartPole-v1__ppo__2__1784437811
39888,223.0,ppo,2,runs\CartPole-v1__ppo__2__1784437811
40004,168.0,ppo,2,runs\CartPole-v1__ppo__2__1784437811
40300,262.0,ppo,2,runs\CartPole-v1__ppo__2__1784437811
40460,143.0,ppo,2,runs\CartPole-v1__ppo__2__1784437811
40520,270.0,ppo,2,runs\CartPole-v1__ppo__2__1784437811
41016,253.0,ppo,2,runs\CartPole-v1__ppo__2__1784437811
41396,274.0,ppo,2,runs\CartPole-v1__ppo__2__1784437811
41448,247.0,ppo,2,runs\CartPole-v1__ppo__2__1784437811
41624,276.0,ppo,2,runs\CartPole-v1__ppo__2__1784437811
41624,152.0,ppo,2,runs\CartPole-v1__ppo__2__1784437811
42304,214.0,ppo,2,runs\CartPole-v1__ppo__2__1784437811
42648,256.0,ppo,2,runs\CartPole-v1__ppo__2__1784437811
42800,351.0,ppo,2,runs\CartPole-v1__ppo__2__1784437811
42960,334.0,ppo,2,runs\CartPole-v1__ppo__2__1784437811
43176,218.0,ppo,2,runs\CartPole-v1__ppo__2__1784437811
43492,211.0,ppo,2,runs\CartPole-v1__ppo__2__1784437811
43520,180.0,ppo,2,runs\CartPole-v1__ppo__2__1784437811
43820,215.0,ppo,2,runs\CartPole-v1__ppo__2__1784437811
44052,140.0,ppo,2,runs\CartPole-v1__ppo__2__1784437811
44236,265.0,ppo,2,runs\CartPole-v1__ppo__2__1784437811
44284,191.0,ppo,2,runs\CartPole-v1__ppo__2__1784437811
44516,116.0,ppo,2,runs\CartPole-v1__ppo__2__1784437811
44564,186.0,ppo,2,runs\CartPole-v1__ppo__2__1784437811
44740,114.0,ppo,2,runs\CartPole-v1__ppo__2__1784437811
44796,140.0,ppo,2,runs\CartPole-v1__ppo__2__1784437811
45176,109.0,ppo,2,runs\CartPole-v1__ppo__2__1784437811
45200,159.0,ppo,2,runs\CartPole-v1__ppo__2__1784437811
45212,174.0,ppo,2,runs\CartPole-v1__ppo__2__1784437811
45548,188.0,ppo,2,runs\CartPole-v1__ppo__2__1784437811
45740,135.0,ppo,2,runs\CartPole-v1__ppo__2__1784437811
45788,144.0,ppo,2,runs\CartPole-v1__ppo__2__1784437811
45980,201.0,ppo,2,runs\CartPole-v1__ppo__2__1784437811
46248,175.0,ppo,2,runs\CartPole-v1__ppo__2__1784437811
46296,127.0,ppo,2,runs\CartPole-v1__ppo__2__1784437811
46336,149.0,ppo,2,runs\CartPole-v1__ppo__2__1784437811
46764,196.0,ppo,2,runs\CartPole-v1__ppo__2__1784437811
46920,168.0,ppo,2,runs\CartPole-v1__ppo__2__1784437811
47312,244.0,ppo,2,runs\CartPole-v1__ppo__2__1784437811
47340,261.0,ppo,2,runs\CartPole-v1__ppo__2__1784437811
47976,264.0,ppo,2,runs\CartPole-v1__ppo__2__1784437811
48204,360.0,ppo,2,runs\CartPole-v1__ppo__2__1784437811
48372,258.0,ppo,2,runs\CartPole-v1__ppo__2__1784437811
48936,141.0,ppo,2,runs\CartPole-v1__ppo__2__1784437811
49136,456.0,ppo,2,runs\CartPole-v1__ppo__2__1784437811
49288,271.0,ppo,2,runs\CartPole-v1__ppo__2__1784437811
49752,444.0,ppo,2,runs\CartPole-v1__ppo__2__1784437811
49832,174.0,ppo,2,runs\CartPole-v1__ppo__2__1784437811
50136,212.0,ppo,2,runs\CartPole-v1__ppo__2__1784437811
50472,180.0,ppo,2,runs\CartPole-v1__ppo__2__1784437811
50808,468.0,ppo,2,runs\CartPole-v1__ppo__2__1784437811
50932,115.0,ppo,2,runs\CartPole-v1__ppo__2__1784437811
51488,414.0,ppo,2,runs\CartPole-v1__ppo__2__1784437811
51572,359.0,ppo,2,runs\CartPole-v1__ppo__2__1784437811
52808,500.0,ppo,2,runs\CartPole-v1__ppo__2__1784437811
52932,500.0,ppo,2,runs\CartPole-v1__ppo__2__1784437811
52960,368.0,ppo,2,runs\CartPole-v1__ppo__2__1784437811
53572,500.0,ppo,2,runs\CartPole-v1__ppo__2__1784437811
53708,194.0,ppo,2,runs\CartPole-v1__ppo__2__1784437811
53852,261.0,ppo,2,runs\CartPole-v1__ppo__2__1784437811
54004,261.0,ppo,2,runs\CartPole-v1__ppo__2__1784437811
54332,120.0,ppo,2,runs\CartPole-v1__ppo__2__1784437811
54716,286.0,ppo,2,runs\CartPole-v1__ppo__2__1784437811
54756,106.0,ppo,2,runs\CartPole-v1__ppo__2__1784437811
55228,380.0,ppo,2,runs\CartPole-v1__ppo__2__1784437811
55400,171.0,ppo,2,runs\CartPole-v1__ppo__2__1784437811
55536,195.0,ppo,2,runs\CartPole-v1__ppo__2__1784437811
56004,500.0,ppo,2,runs\CartPole-v1__ppo__2__1784437811
56676,362.0,ppo,2,runs\CartPole-v1__ppo__2__1784437811
56728,298.0,ppo,2,runs\CartPole-v1__ppo__2__1784437811
57044,260.0,ppo,2,runs\CartPole-v1__ppo__2__1784437811
57112,428.0,ppo,2,runs\CartPole-v1__ppo__2__1784437811
58352,310.0,ppo,2,runs\CartPole-v1__ppo__2__1784437811
58408,420.0,ppo,2,runs\CartPole-v1__ppo__2__1784437811
58524,462.0,ppo,2,runs\CartPole-v1__ppo__2__1784437811
59012,151.0,ppo,2,runs\CartPole-v1__ppo__2__1784437811
59044,500.0,ppo,2,runs\CartPole-v1__ppo__2__1784437811
59480,282.0,ppo,2,runs\CartPole-v1__ppo__2__1784437811
59616,273.0,ppo,2,runs\CartPole-v1__ppo__2__1784437811
60084,260.0,ppo,2,runs\CartPole-v1__ppo__2__1784437811
60552,234.0,ppo,2,runs\CartPole-v1__ppo__2__1784437811
61012,500.0,ppo,2,runs\CartPole-v1__ppo__2__1784437811
61376,323.0,ppo,2,runs\CartPole-v1__ppo__2__1784437811
61436,489.0,ppo,2,runs\CartPole-v1__ppo__2__1784437811
61544,133.0,ppo,2,runs\CartPole-v1__ppo__2__1784437811
61692,285.0,ppo,2,runs\CartPole-v1__ppo__2__1784437811
62180,122.0,ppo,2,runs\CartPole-v1__ppo__2__1784437811
62312,192.0,ppo,2,runs\CartPole-v1__ppo__2__1784437811
62420,246.0,ppo,2,runs\CartPole-v1__ppo__2__1784437811
62888,378.0,ppo,2,runs\CartPole-v1__ppo__2__1784437811
63060,160.0,ppo,2,runs\CartPole-v1__ppo__2__1784437811
63320,252.0,ppo,2,runs\CartPole-v1__ppo__2__1784437811
63636,364.0,ppo,2,runs\CartPole-v1__ppo__2__1784437811
63644,189.0,ppo,2,runs\CartPole-v1__ppo__2__1784437811
63852,198.0,ppo,2,runs\CartPole-v1__ppo__2__1784437811
64012,173.0,ppo,2,runs\CartPole-v1__ppo__2__1784437811
64400,191.0,ppo,2,runs\CartPole-v1__ppo__2__1784437811
64992,245.0,ppo,2,runs\CartPole-v1__ppo__2__1784437811
65072,357.0,ppo,2,runs\CartPole-v1__ppo__2__1784437811
65520,132.0,ppo,2,runs\CartPole-v1__ppo__2__1784437811
65664,316.0,ppo,2,runs\CartPole-v1__ppo__2__1784437811
65852,500.0,ppo,2,runs\CartPole-v1__ppo__2__1784437811
66388,329.0,ppo,2,runs\CartPole-v1__ppo__2__1784437811
66628,194.0,ppo,2,runs\CartPole-v1__ppo__2__1784437811
66908,347.0,ppo,2,runs\CartPole-v1__ppo__2__1784437811
67368,426.0,ppo,2,runs\CartPole-v1__ppo__2__1784437811
67372,116.0,ppo,2,runs\CartPole-v1__ppo__2__1784437811
68008,159.0,ppo,2,runs\CartPole-v1__ppo__2__1784437811
68024,409.0,ppo,2,runs\CartPole-v1__ppo__2__1784437811
68500,283.0,ppo,2,runs\CartPole-v1__ppo__2__1784437811
68512,471.0,ppo,2,runs\CartPole-v1__ppo__2__1784437811
69796,321.0,ppo,2,runs\CartPole-v1__ppo__2__1784437811
69964,489.0,ppo,2,runs\CartPole-v1__ppo__2__1784437811
69992,373.0,ppo,2,runs\CartPole-v1__ppo__2__1784437811
70024,500.0,ppo,2,runs\CartPole-v1__ppo__2__1784437811
70860,217.0,ppo,2,runs\CartPole-v1__ppo__2__1784437811
70972,237.0,ppo,2,runs\CartPole-v1__ppo__2__1784437811
71796,458.0,ppo,2,runs\CartPole-v1__ppo__2__1784437811
71796,500.0,ppo,2,runs\CartPole-v1__ppo__2__1784437811
72420,390.0,ppo,2,runs\CartPole-v1__ppo__2__1784437811
72856,265.0,ppo,2,runs\CartPole-v1__ppo__2__1784437811
72936,285.0,ppo,2,runs\CartPole-v1__ppo__2__1784437811
72972,500.0,ppo,2,runs\CartPole-v1__ppo__2__1784437811
73548,173.0,ppo,2,runs\CartPole-v1__ppo__2__1784437811
73620,171.0,ppo,2,runs\CartPole-v1__ppo__2__1784437811
73652,308.0,ppo,2,runs\CartPole-v1__ppo__2__1784437811
74792,455.0,ppo,2,runs\CartPole-v1__ppo__2__1784437811
74888,309.0,ppo,2,runs\CartPole-v1__ppo__2__1784437811
75184,391.0,ppo,2,runs\CartPole-v1__ppo__2__1784437811
75344,114.0,ppo,2,runs\CartPole-v1__ppo__2__1784437811
75548,500.0,ppo,2,runs\CartPole-v1__ppo__2__1784437811
76028,120.0,ppo,2,runs\CartPole-v1__ppo__2__1784437811
76080,224.0,ppo,2,runs\CartPole-v1__ppo__2__1784437811
76376,396.0,ppo,2,runs\CartPole-v1__ppo__2__1784437811
76936,214.0,ppo,2,runs\CartPole-v1__ppo__2__1784437811
77024,249.0,ppo,2,runs\CartPole-v1__ppo__2__1784437811
77028,421.0,ppo,2,runs\CartPole-v1__ppo__2__1784437811
77588,303.0,ppo,2,runs\CartPole-v1__ppo__2__1784437811
77616,170.0,ppo,2,runs\CartPole-v1__ppo__2__1784437811
77712,172.0,ppo,2,runs\CartPole-v1__ppo__2__1784437811
77872,211.0,ppo,2,runs\CartPole-v1__ppo__2__1784437811
77976,97.0,ppo,2,runs\CartPole-v1__ppo__2__1784437811
78628,163.0,ppo,2,runs\CartPole-v1__ppo__2__1784437811
78696,206.0,ppo,2,runs\CartPole-v1__ppo__2__1784437811
78832,304.0,ppo,2,runs\CartPole-v1__ppo__2__1784437811
78904,298.0,ppo,2,runs\CartPole-v1__ppo__2__1784437811
79716,255.0,ppo,2,runs\CartPole-v1__ppo__2__1784437811
79768,234.0,ppo,2,runs\CartPole-v1__ppo__2__1784437811
80164,315.0,ppo,2,runs\CartPole-v1__ppo__2__1784437811
80628,500.0,ppo,2,runs\CartPole-v1__ppo__2__1784437811
80996,208.0,ppo,2,runs\CartPole-v1__ppo__2__1784437811
81460,436.0,ppo,2,runs\CartPole-v1__ppo__2__1784437811
81712,271.0,ppo,2,runs\CartPole-v1__ppo__2__1784437811
81768,500.0,ppo,2,runs\CartPole-v1__ppo__2__1784437811
82228,192.0,ppo,2,runs\CartPole-v1__ppo__2__1784437811
82732,255.0,ppo,2,runs\CartPole-v1__ppo__2__1784437811
82784,254.0,ppo,2,runs\CartPole-v1__ppo__2__1784437811
82832,151.0,ppo,2,runs\CartPole-v1__ppo__2__1784437811
82996,500.0,ppo,2,runs\CartPole-v1__ppo__2__1784437811
84220,306.0,ppo,2,runs\CartPole-v1__ppo__2__1784437811
84732,500.0,ppo,2,runs\CartPole-v1__ppo__2__1784437811
84784,500.0,ppo,2,runs\CartPole-v1__ppo__2__1784437811
84832,500.0,ppo,2,runs\CartPole-v1__ppo__2__1784437811
85424,301.0,ppo,2,runs\CartPole-v1__ppo__2__1784437811
86188,191.0,ppo,2,runs\CartPole-v1__ppo__2__1784437811
86700,479.0,ppo,2,runs\CartPole-v1__ppo__2__1784437811
86732,500.0,ppo,2,runs\CartPole-v1__ppo__2__1784437811
86832,500.0,ppo,2,runs\CartPole-v1__ppo__2__1784437811
87108,230.0,ppo,2,runs\CartPole-v1__ppo__2__1784437811
87692,248.0,ppo,2,runs\CartPole-v1__ppo__2__1784437811
87916,296.0,ppo,2,runs\CartPole-v1__ppo__2__1784437811
88208,275.0,ppo,2,runs\CartPole-v1__ppo__2__1784437811
88328,159.0,ppo,2,runs\CartPole-v1__ppo__2__1784437811
88832,500.0,ppo,2,runs\CartPole-v1__ppo__2__1784437811
89552,306.0,ppo,2,runs\CartPole-v1__ppo__2__1784437811
89916,500.0,ppo,2,runs\CartPole-v1__ppo__2__1784437811
90208,500.0,ppo,2,runs\CartPole-v1__ppo__2__1784437811
90556,431.0,ppo,2,runs\CartPole-v1__ppo__2__1784437811
90900,337.0,ppo,2,runs\CartPole-v1__ppo__2__1784437811
91016,202.0,ppo,2,runs\CartPole-v1__ppo__2__1784437811
91884,332.0,ppo,2,runs\CartPole-v1__ppo__2__1784437811
91892,219.0,ppo,2,runs\CartPole-v1__ppo__2__1784437811
91916,500.0,ppo,2,runs\CartPole-v1__ppo__2__1784437811
92668,194.0,ppo,2,runs\CartPole-v1__ppo__2__1784437811
92820,480.0,ppo,2,runs\CartPole-v1__ppo__2__1784437811
93132,304.0,ppo,2,runs\CartPole-v1__ppo__2__1784437811
93692,452.0,ppo,2,runs\CartPole-v1__ppo__2__1784437811
94064,233.0,ppo,2,runs\CartPole-v1__ppo__2__1784437811
94668,500.0,ppo,2,runs\CartPole-v1__ppo__2__1784437811
94684,248.0,ppo,2,runs\CartPole-v1__ppo__2__1784437811
94820,500.0,ppo,2,runs\CartPole-v1__ppo__2__1784437811
95432,191.0,ppo,2,runs\CartPole-v1__ppo__2__1784437811
96064,500.0,ppo,2,runs\CartPole-v1__ppo__2__1784437811
96364,386.0,ppo,2,runs\CartPole-v1__ppo__2__1784437811
96684,500.0,ppo,2,runs\CartPole-v1__ppo__2__1784437811
97340,164.0,ppo,2,runs\CartPole-v1__ppo__2__1784437811
97380,487.0,ppo,2,runs\CartPole-v1__ppo__2__1784437811
97776,428.0,ppo,2,runs\CartPole-v1__ppo__2__1784437811
97984,405.0,ppo,2,runs\CartPole-v1__ppo__2__1784437811
98656,168.0,ppo,2,runs\CartPole-v1__ppo__2__1784437811
99276,474.0,ppo,2,runs\CartPole-v1__ppo__2__1784437811
99340,500.0,ppo,2,runs\CartPole-v1__ppo__2__1784437811
99776,500.0,ppo,2,runs\CartPole-v1__ppo__2__1784437811
100656,500.0,ppo,2,runs\CartPole-v1__ppo__2__1784437811
100872,383.0,ppo,2,runs\CartPole-v1__ppo__2__1784437811
101276,500.0,ppo,2,runs\CartPole-v1__ppo__2__1784437811
101744,492.0,ppo,2,runs\CartPole-v1__ppo__2__1784437811
102280,251.0,ppo,2,runs\CartPole-v1__ppo__2__1784437811
102332,419.0,ppo,2,runs\CartPole-v1__ppo__2__1784437811
102376,158.0,ppo,2,runs\CartPole-v1__ppo__2__1784437811
102584,428.0,ppo,2,runs\CartPole-v1__ppo__2__1784437811
103884,325.0,ppo,2,runs\CartPole-v1__ppo__2__1784437811
103936,401.0,ppo,2,runs\CartPole-v1__ppo__2__1784437811
104280,500.0,ppo,2,runs\CartPole-v1__ppo__2__1784437811
104376,500.0,ppo,2,runs\CartPole-v1__ppo__2__1784437811
104636,188.0,ppo,2,runs\CartPole-v1__ppo__2__1784437811
105168,222.0,ppo,2,runs\CartPole-v1__ppo__2__1784437811
105452,204.0,ppo,2,runs\CartPole-v1__ppo__2__1784437811
105568,408.0,ppo,2,runs\CartPole-v1__ppo__2__1784437811
105716,335.0,ppo,2,runs\CartPole-v1__ppo__2__1784437811
105956,197.0,ppo,2,runs\CartPole-v1__ppo__2__1784437811
106296,145.0,ppo,2,runs\CartPole-v1__ppo__2__1784437811
106492,231.0,ppo,2,runs\CartPole-v1__ppo__2__1784437811
106812,340.0,ppo,2,runs\CartPole-v1__ppo__2__1784437811
106908,238.0,ppo,2,runs\CartPole-v1__ppo__2__1784437811
106956,165.0,ppo,2,runs\CartPole-v1__ppo__2__1784437811
107488,249.0,ppo,2,runs\CartPole-v1__ppo__2__1784437811
108324,378.0,ppo,2,runs\CartPole-v1__ppo__2__1784437811
108768,465.0,ppo,2,runs\CartPole-v1__ppo__2__1784437811
108816,465.0,ppo,2,runs\CartPole-v1__ppo__2__1784437811
108900,353.0,ppo,2,runs\CartPole-v1__ppo__2__1784437811
109524,300.0,ppo,2,runs\CartPole-v1__ppo__2__1784437811
109556,185.0,ppo,2,runs\CartPole-v1__ppo__2__1784437811
110472,393.0,ppo,2,runs\CartPole-v1__ppo__2__1784437811
110768,500.0,ppo,2,runs\CartPole-v1__ppo__2__1784437811
111256,433.0,ppo,2,runs\CartPole-v1__ppo__2__1784437811
111556,500.0,ppo,2,runs\CartPole-v1__ppo__2__1784437811
112000,382.0,ppo,2,runs\CartPole-v1__ppo__2__1784437811
112028,315.0,ppo,2,runs\CartPole-v1__ppo__2__1784437811
112280,181.0,ppo,2,runs\CartPole-v1__ppo__2__1784437811
112384,282.0,ppo,2,runs\CartPole-v1__ppo__2__1784437811
112712,178.0,ppo,2,runs\CartPole-v1__ppo__2__1784437811
113104,180.0,ppo,2,runs\CartPole-v1__ppo__2__1784437811
113236,302.0,ppo,2,runs\CartPole-v1__ppo__2__1784437811
114040,201.0,ppo,2,runs\CartPole-v1__ppo__2__1784437811
114076,341.0,ppo,2,runs\CartPole-v1__ppo__2__1784437811
114276,499.0,ppo,2,runs\CartPole-v1__ppo__2__1784437811
114864,147.0,ppo,2,runs\CartPole-v1__ppo__2__1784437811
114984,236.0,ppo,2,runs\CartPole-v1__ppo__2__1784437811
115104,500.0,ppo,2,runs\CartPole-v1__ppo__2__1784437811
115380,326.0,ppo,2,runs\CartPole-v1__ppo__2__1784437811
115660,139.0,ppo,2,runs\CartPole-v1__ppo__2__1784437811
115924,235.0,ppo,2,runs\CartPole-v1__ppo__2__1784437811
116424,191.0,ppo,2,runs\CartPole-v1__ppo__2__1784437811
116796,483.0,ppo,2,runs\CartPole-v1__ppo__2__1784437811
117380,500.0,ppo,2,runs\CartPole-v1__ppo__2__1784437811
117404,370.0,ppo,2,runs\CartPole-v1__ppo__2__1784437811
118064,410.0,ppo,2,runs\CartPole-v1__ppo__2__1784437811
118112,177.0,ppo,2,runs\CartPole-v1__ppo__2__1784437811
118360,245.0,ppo,2,runs\CartPole-v1__ppo__2__1784437811
118496,425.0,ppo,2,runs\CartPole-v1__ppo__2__1784437811
118776,178.0,ppo,2,runs\CartPole-v1__ppo__2__1784437811
119316,239.0,ppo,2,runs\CartPole-v1__ppo__2__1784437811
119940,361.0,ppo,2,runs\CartPole-v1__ppo__2__1784437811
120112,500.0,ppo,2,runs\CartPole-v1__ppo__2__1784437811
120296,245.0,ppo,2,runs\CartPole-v1__ppo__2__1784437811
120608,167.0,ppo,2,runs\CartPole-v1__ppo__2__1784437811
120776,500.0,ppo,2,runs\CartPole-v1__ppo__2__1784437811
120916,155.0,ppo,2,runs\CartPole-v1__ppo__2__1784437811
121300,173.0,ppo,2,runs\CartPole-v1__ppo__2__1784437811
122096,199.0,ppo,2,runs\CartPole-v1__ppo__2__1784437811
122112,500.0,ppo,2,runs\CartPole-v1__ppo__2__1784437811
122412,409.0,ppo,2,runs\CartPole-v1__ppo__2__1784437811
122916,500.0,ppo,2,runs\CartPole-v1__ppo__2__1784437811
123172,265.0,ppo,2,runs\CartPole-v1__ppo__2__1784437811
123576,370.0,ppo,2,runs\CartPole-v1__ppo__2__1784437811
123892,370.0,ppo,2,runs\CartPole-v1__ppo__2__1784437811
124408,373.0,ppo,2,runs\CartPole-v1__ppo__2__1784437811
124736,211.0,ppo,2,runs\CartPole-v1__ppo__2__1784437811
125172,500.0,ppo,2,runs\CartPole-v1__ppo__2__1784437811
125312,434.0,ppo,2,runs\CartPole-v1__ppo__2__1784437811
125848,360.0,ppo,2,runs\CartPole-v1__ppo__2__1784437811
126108,199.0,ppo,2,runs\CartPole-v1__ppo__2__1784437811
126688,488.0,ppo,2,runs\CartPole-v1__ppo__2__1784437811
127000,457.0,ppo,2,runs\CartPole-v1__ppo__2__1784437811
127432,396.0,ppo,2,runs\CartPole-v1__ppo__2__1784437811
127664,389.0,ppo,2,runs\CartPole-v1__ppo__2__1784437811
127960,132.0,ppo,2,runs\CartPole-v1__ppo__2__1784437811
128304,404.0,ppo,2,runs\CartPole-v1__ppo__2__1784437811
128400,184.0,ppo,2,runs\CartPole-v1__ppo__2__1784437811
128584,396.0,ppo,2,runs\CartPole-v1__ppo__2__1784437811
128660,175.0,ppo,2,runs\CartPole-v1__ppo__2__1784437811
129660,269.0,ppo,2,runs\CartPole-v1__ppo__2__1784437811
129920,315.0,ppo,2,runs\CartPole-v1__ppo__2__1784437811
130280,155.0,ppo,2,runs\CartPole-v1__ppo__2__1784437811
130304,500.0,ppo,2,runs\CartPole-v1__ppo__2__1784437811
130372,493.0,ppo,2,runs\CartPole-v1__ppo__2__1784437811
130468,137.0,ppo,2,runs\CartPole-v1__ppo__2__1784437811
130884,151.0,ppo,2,runs\CartPole-v1__ppo__2__1784437811
130964,124.0,ppo,2,runs\CartPole-v1__ppo__2__1784437811
131460,289.0,ppo,2,runs\CartPole-v1__ppo__2__1784437811
131544,293.0,ppo,2,runs\CartPole-v1__ppo__2__1784437811
132640,295.0,ppo,2,runs\CartPole-v1__ppo__2__1784437811
132664,280.0,ppo,2,runs\CartPole-v1__ppo__2__1784437811
132748,446.0,ppo,2,runs\CartPole-v1__ppo__2__1784437811
132884,500.0,ppo,2,runs\CartPole-v1__ppo__2__1784437811
133320,164.0,ppo,2,runs\CartPole-v1__ppo__2__1784437811
133516,192.0,ppo,2,runs\CartPole-v1__ppo__2__1784437811
134276,348.0,ppo,2,runs\CartPole-v1__ppo__2__1784437811
134468,457.0,ppo,2,runs\CartPole-v1__ppo__2__1784437811
135028,378.0,ppo,2,runs\CartPole-v1__ppo__2__1784437811
135320,500.0,ppo,2,runs\CartPole-v1__ppo__2__1784437811
135848,393.0,ppo,2,runs\CartPole-v1__ppo__2__1784437811
136380,478.0,ppo,2,runs\CartPole-v1__ppo__2__1784437811
136776,232.0,ppo,2,runs\CartPole-v1__ppo__2__1784437811
136800,443.0,ppo,2,runs\CartPole-v1__ppo__2__1784437811
137288,227.0,ppo,2,runs\CartPole-v1__ppo__2__1784437811
137320,500.0,ppo,2,runs\CartPole-v1__ppo__2__1784437811
137664,216.0,ppo,2,runs\CartPole-v1__ppo__2__1784437811
138624,334.0,ppo,2,runs\CartPole-v1__ppo__2__1784437811
138772,499.0,ppo,2,runs\CartPole-v1__ppo__2__1784437811
138812,373.0,ppo,2,runs\CartPole-v1__ppo__2__1784437811
139012,337.0,ppo,2,runs\CartPole-v1__ppo__2__1784437811
139388,154.0,ppo,2,runs\CartPole-v1__ppo__2__1784437811
139436,203.0,ppo,2,runs\CartPole-v1__ppo__2__1784437811
139444,158.0,ppo,2,runs\CartPole-v1__ppo__2__1784437811
139964,130.0,ppo,2,runs\CartPole-v1__ppo__2__1784437811
140020,252.0,ppo,2,runs\CartPole-v1__ppo__2__1784437811
140272,209.0,ppo,2,runs\CartPole-v1__ppo__2__1784437811
140456,267.0,ppo,2,runs\CartPole-v1__ppo__2__1784437811
140628,152.0,ppo,2,runs\CartPole-v1__ppo__2__1784437811
141092,159.0,ppo,2,runs\CartPole-v1__ppo__2__1784437811
141500,384.0,ppo,2,runs\CartPole-v1__ppo__2__1784437811
141736,277.0,ppo,2,runs\CartPole-v1__ppo__2__1784437811
142028,439.0,ppo,2,runs\CartPole-v1__ppo__2__1784437811
143092,500.0,ppo,2,runs\CartPole-v1__ppo__2__1784437811
143288,315.0,ppo,2,runs\CartPole-v1__ppo__2__1784437811
143500,500.0,ppo,2,runs\CartPole-v1__ppo__2__1784437811
143724,109.0,ppo,2,runs\CartPole-v1__ppo__2__1784437811
143736,500.0,ppo,2,runs\CartPole-v1__ppo__2__1784437811
144892,292.0,ppo,2,runs\CartPole-v1__ppo__2__1784437811
145092,500.0,ppo,2,runs\CartPole-v1__ppo__2__1784437811
145500,500.0,ppo,2,runs\CartPole-v1__ppo__2__1784437811
145736,500.0,ppo,2,runs\CartPole-v1__ppo__2__1784437811
145980,222.0,ppo,2,runs\CartPole-v1__ppo__2__1784437811
146056,291.0,ppo,2,runs\CartPole-v1__ppo__2__1784437811
146880,345.0,ppo,2,runs\CartPole-v1__ppo__2__1784437811
147104,262.0,ppo,2,runs\CartPole-v1__ppo__2__1784437811
147304,331.0,ppo,2,runs\CartPole-v1__ppo__2__1784437811
147604,467.0,ppo,2,runs\CartPole-v1__ppo__2__1784437811
148268,241.0,ppo,2,runs\CartPole-v1__ppo__2__1784437811
148272,292.0,ppo,2,runs\CartPole-v1__ppo__2__1784437811
148324,180.0,ppo,2,runs\CartPole-v1__ppo__2__1784437811
148540,415.0,ppo,2,runs\CartPole-v1__ppo__2__1784437811
149248,231.0,ppo,2,runs\CartPole-v1__ppo__2__1784437811
150068,449.0,ppo,2,runs\CartPole-v1__ppo__2__1784437811
150268,500.0,ppo,2,runs\CartPole-v1__ppo__2__1784437811
150532,321.0,ppo,2,runs\CartPole-v1__ppo__2__1784437811
150540,500.0,ppo,2,runs\CartPole-v1__ppo__2__1784437811
151336,267.0,ppo,2,runs\CartPole-v1__ppo__2__1784437811
151400,333.0,ppo,2,runs\CartPole-v1__ppo__2__1784437811
151920,345.0,ppo,2,runs\CartPole-v1__ppo__2__1784437811
152356,239.0,ppo,2,runs\CartPole-v1__ppo__2__1784437811
152532,500.0,ppo,2,runs\CartPole-v1__ppo__2__1784437811
153228,473.0,ppo,2,runs\CartPole-v1__ppo__2__1784437811
153920,500.0,ppo,2,runs\CartPole-v1__ppo__2__1784437811
154032,419.0,ppo,2,runs\CartPole-v1__ppo__2__1784437811
154532,500.0,ppo,2,runs\CartPole-v1__ppo__2__1784437811
154732,175.0,ppo,2,runs\CartPole-v1__ppo__2__1784437811
155228,500.0,ppo,2,runs\CartPole-v1__ppo__2__1784437811
155476,389.0,ppo,2,runs\CartPole-v1__ppo__2__1784437811
156532,500.0,ppo,2,runs\CartPole-v1__ppo__2__1784437811
156732,500.0,ppo,2,runs\CartPole-v1__ppo__2__1784437811
157112,409.0,ppo,2,runs\CartPole-v1__ppo__2__1784437811
157228,500.0,ppo,2,runs\CartPole-v1__ppo__2__1784437811
157336,151.0,ppo,2,runs\CartPole-v1__ppo__2__1784437811
158124,197.0,ppo,2,runs\CartPole-v1__ppo__2__1784437811
158196,416.0,ppo,2,runs\CartPole-v1__ppo__2__1784437811
158252,285.0,ppo,2,runs\CartPole-v1__ppo__2__1784437811
159176,487.0,ppo,2,runs\CartPole-v1__ppo__2__1784437811
159880,407.0,ppo,2,runs\CartPole-v1__ppo__2__1784437811
160124,500.0,ppo,2,runs\CartPole-v1__ppo__2__1784437811
160196,500.0,ppo,2,runs\CartPole-v1__ppo__2__1784437811
161176,500.0,ppo,2,runs\CartPole-v1__ppo__2__1784437811
161508,407.0,ppo,2,runs\CartPole-v1__ppo__2__1784437811
161536,353.0,ppo,2,runs\CartPole-v1__ppo__2__1784437811
161652,119.0,ppo,2,runs\CartPole-v1__ppo__2__1784437811
162196,500.0,ppo,2,runs\CartPole-v1__ppo__2__1784437811
162212,140.0,ppo,2,runs\CartPole-v1__ppo__2__1784437811
162896,340.0,ppo,2,runs\CartPole-v1__ppo__2__1784437811
163428,304.0,ppo,2,runs\CartPole-v1__ppo__2__1784437811
163508,500.0,ppo,2,runs\CartPole-v1__ppo__2__1784437811
164196,500.0,ppo,2,runs\CartPole-v1__ppo__2__1784437811
164256,187.0,ppo,2,runs\CartPole-v1__ppo__2__1784437811
164740,461.0,ppo,2,runs\CartPole-v1__ppo__2__1784437811
164772,336.0,ppo,2,runs\CartPole-v1__ppo__2__1784437811
165276,126.0,ppo,2,runs\CartPole-v1__ppo__2__1784437811
165792,384.0,ppo,2,runs\CartPole-v1__ppo__2__1784437811
165932,434.0,ppo,2,runs\CartPole-v1__ppo__2__1784437811
166056,329.0,ppo,2,runs\CartPole-v1__ppo__2__1784437811
166936,415.0,ppo,2,runs\CartPole-v1__ppo__2__1784437811
167264,333.0,ppo,2,runs\CartPole-v1__ppo__2__1784437811
167496,360.0,ppo,2,runs\CartPole-v1__ppo__2__1784437811
167792,500.0,ppo,2,runs\CartPole-v1__ppo__2__1784437811
167872,234.0,ppo,2,runs\CartPole-v1__ppo__2__1784437811
169172,419.0,ppo,2,runs\CartPole-v1__ppo__2__1784437811
169264,500.0,ppo,2,runs\CartPole-v1__ppo__2__1784437811
169384,378.0,ppo,2,runs\CartPole-v1__ppo__2__1784437811
169724,138.0,ppo,2,runs\CartPole-v1__ppo__2__1784437811
169792,500.0,ppo,2,runs\CartPole-v1__ppo__2__1784437811
169884,125.0,ppo,2,runs\CartPole-v1__ppo__2__1784437811
170680,222.0,ppo,2,runs\CartPole-v1__ppo__2__1784437811
170796,383.0,ppo,2,runs\CartPole-v1__ppo__2__1784437811
170876,288.0,ppo,2,runs\CartPole-v1__ppo__2__1784437811
171452,193.0,ppo,2,runs\CartPole-v1__ppo__2__1784437811
171884,500.0,ppo,2,runs\CartPole-v1__ppo__2__1784437811
172052,294.0,ppo,2,runs\CartPole-v1__ppo__2__1784437811
172064,317.0,ppo,2,runs\CartPole-v1__ppo__2__1784437811
172124,168.0,ppo,2,runs\CartPole-v1__ppo__2__1784437811
173840,447.0,ppo,2,runs\CartPole-v1__ppo__2__1784437811
173884,500.0,ppo,2,runs\CartPole-v1__ppo__2__1784437811
173956,473.0,ppo,2,runs\CartPole-v1__ppo__2__1784437811
174124,500.0,ppo,2,runs\CartPole-v1__ppo__2__1784437811
175840,500.0,ppo,2,runs\CartPole-v1__ppo__2__1784437811
175884,500.0,ppo,2,runs\CartPole-v1__ppo__2__1784437811
175956,500.0,ppo,2,runs\CartPole-v1__ppo__2__1784437811
176124,500.0,ppo,2,runs\CartPole-v1__ppo__2__1784437811
177284,350.0,ppo,2,runs\CartPole-v1__ppo__2__1784437811
177840,500.0,ppo,2,runs\CartPole-v1__ppo__2__1784437811
177956,500.0,ppo,2,runs\CartPole-v1__ppo__2__1784437811
178124,500.0,ppo,2,runs\CartPole-v1__ppo__2__1784437811
178500,94.0,ppo,2,runs\CartPole-v1__ppo__2__1784437811
179284,500.0,ppo,2,runs\CartPole-v1__ppo__2__1784437811
179840,500.0,ppo,2,runs\CartPole-v1__ppo__2__1784437811
179956,500.0,ppo,2,runs\CartPole-v1__ppo__2__1784437811
180500,500.0,ppo,2,runs\CartPole-v1__ppo__2__1784437811
181284,500.0,ppo,2,runs\CartPole-v1__ppo__2__1784437811
181672,293.0,ppo,2,runs\CartPole-v1__ppo__2__1784437811
181840,500.0,ppo,2,runs\CartPole-v1__ppo__2__1784437811
181956,500.0,ppo,2,runs\CartPole-v1__ppo__2__1784437811
183284,500.0,ppo,2,runs\CartPole-v1__ppo__2__1784437811
183672,500.0,ppo,2,runs\CartPole-v1__ppo__2__1784437811
183728,443.0,ppo,2,runs\CartPole-v1__ppo__2__1784437811
183840,500.0,ppo,2,runs\CartPole-v1__ppo__2__1784437811
184320,148.0,ppo,2,runs\CartPole-v1__ppo__2__1784437811
184488,301.0,ppo,2,runs\CartPole-v1__ppo__2__1784437811
185672,500.0,ppo,2,runs\CartPole-v1__ppo__2__1784437811
185840,500.0,ppo,2,runs\CartPole-v1__ppo__2__1784437811
186320,500.0,ppo,2,runs\CartPole-v1__ppo__2__1784437811
186488,500.0,ppo,2,runs\CartPole-v1__ppo__2__1784437811
186544,218.0,ppo,2,runs\CartPole-v1__ppo__2__1784437811
187840,500.0,ppo,2,runs\CartPole-v1__ppo__2__1784437811
188320,500.0,ppo,2,runs\CartPole-v1__ppo__2__1784437811
188488,500.0,ppo,2,runs\CartPole-v1__ppo__2__1784437811
188544,500.0,ppo,2,runs\CartPole-v1__ppo__2__1784437811
189840,500.0,ppo,2,runs\CartPole-v1__ppo__2__1784437811
190320,500.0,ppo,2,runs\CartPole-v1__ppo__2__1784437811
190488,500.0,ppo,2,runs\CartPole-v1__ppo__2__1784437811
190544,500.0,ppo,2,runs\CartPole-v1__ppo__2__1784437811
191544,426.0,ppo,2,runs\CartPole-v1__ppo__2__1784437811
192320,500.0,ppo,2,runs\CartPole-v1__ppo__2__1784437811
192488,500.0,ppo,2,runs\CartPole-v1__ppo__2__1784437811
192544,500.0,ppo,2,runs\CartPole-v1__ppo__2__1784437811
193544,500.0,ppo,2,runs\CartPole-v1__ppo__2__1784437811
193692,343.0,ppo,2,runs\CartPole-v1__ppo__2__1784437811
194488,500.0,ppo,2,runs\CartPole-v1__ppo__2__1784437811
194544,500.0,ppo,2,runs\CartPole-v1__ppo__2__1784437811
195544,500.0,ppo,2,runs\CartPole-v1__ppo__2__1784437811
195692,500.0,ppo,2,runs\CartPole-v1__ppo__2__1784437811
196488,500.0,ppo,2,runs\CartPole-v1__ppo__2__1784437811
196544,500.0,ppo,2,runs\CartPole-v1__ppo__2__1784437811
196584,223.0,ppo,2,runs\CartPole-v1__ppo__2__1784437811
197544,500.0,ppo,2,runs\CartPole-v1__ppo__2__1784437811
198488,500.0,ppo,2,runs\CartPole-v1__ppo__2__1784437811
198544,500.0,ppo,2,runs\CartPole-v1__ppo__2__1784437811
198584,500.0,ppo,2,runs\CartPole-v1__ppo__2__1784437811
199544,500.0,ppo,2,runs\CartPole-v1__ppo__2__1784437811
200488,500.0,ppo,2,runs\CartPole-v1__ppo__2__1784437811
200544,500.0,ppo,2,runs\CartPole-v1__ppo__2__1784437811
200584,500.0,ppo,2,runs\CartPole-v1__ppo__2__1784437811
201544,500.0,ppo,2,runs\CartPole-v1__ppo__2__1784437811
202488,500.0,ppo,2,runs\CartPole-v1__ppo__2__1784437811
202544,500.0,ppo,2,runs\CartPole-v1__ppo__2__1784437811
202584,500.0,ppo,2,runs\CartPole-v1__ppo__2__1784437811
203288,436.0,ppo,2,runs\CartPole-v1__ppo__2__1784437811
204488,500.0,ppo,2,runs\CartPole-v1__ppo__2__1784437811
204544,500.0,ppo,2,runs\CartPole-v1__ppo__2__1784437811
204584,500.0,ppo,2,runs\CartPole-v1__ppo__2__1784437811
204996,427.0,ppo,2,runs\CartPole-v1__ppo__2__1784437811
206488,500.0,ppo,2,runs\CartPole-v1__ppo__2__1784437811
206544,500.0,ppo,2,runs\CartPole-v1__ppo__2__1784437811
206584,500.0,ppo,2,runs\CartPole-v1__ppo__2__1784437811
206996,500.0,ppo,2,runs\CartPole-v1__ppo__2__1784437811
207716,307.0,ppo,2,runs\CartPole-v1__ppo__2__1784437811
208248,426.0,ppo,2,runs\CartPole-v1__ppo__2__1784437811
208584,500.0,ppo,2,runs\CartPole-v1__ppo__2__1784437811
208996,500.0,ppo,2,runs\CartPole-v1__ppo__2__1784437811
209716,500.0,ppo,2,runs\CartPole-v1__ppo__2__1784437811
210248,500.0,ppo,2,runs\CartPole-v1__ppo__2__1784437811
210584,500.0,ppo,2,runs\CartPole-v1__ppo__2__1784437811
210996,500.0,ppo,2,runs\CartPole-v1__ppo__2__1784437811
211428,428.0,ppo,2,runs\CartPole-v1__ppo__2__1784437811
211732,371.0,ppo,2,runs\CartPole-v1__ppo__2__1784437811
212028,361.0,ppo,2,runs\CartPole-v1__ppo__2__1784437811
212996,500.0,ppo,2,runs\CartPole-v1__ppo__2__1784437811
213428,500.0,ppo,2,runs\CartPole-v1__ppo__2__1784437811
213732,500.0,ppo,2,runs\CartPole-v1__ppo__2__1784437811
214028,500.0,ppo,2,runs\CartPole-v1__ppo__2__1784437811
214996,500.0,ppo,2,runs\CartPole-v1__ppo__2__1784437811
215428,500.0,ppo,2,runs\CartPole-v1__ppo__2__1784437811
215732,500.0,ppo,2,runs\CartPole-v1__ppo__2__1784437811
216028,500.0,ppo,2,runs\CartPole-v1__ppo__2__1784437811
216996,500.0,ppo,2,runs\CartPole-v1__ppo__2__1784437811
217428,500.0,ppo,2,runs\CartPole-v1__ppo__2__1784437811
217732,500.0,ppo,2,runs\CartPole-v1__ppo__2__1784437811
218028,500.0,ppo,2,runs\CartPole-v1__ppo__2__1784437811
218996,500.0,ppo,2,runs\CartPole-v1__ppo__2__1784437811
219428,500.0,ppo,2,runs\CartPole-v1__ppo__2__1784437811
219664,409.0,ppo,2,runs\CartPole-v1__ppo__2__1784437811
219732,500.0,ppo,2,runs\CartPole-v1__ppo__2__1784437811
220996,500.0,ppo,2,runs\CartPole-v1__ppo__2__1784437811
221428,500.0,ppo,2,runs\CartPole-v1__ppo__2__1784437811
221664,500.0,ppo,2,runs\CartPole-v1__ppo__2__1784437811
221732,500.0,ppo,2,runs\CartPole-v1__ppo__2__1784437811
222996,500.0,ppo,2,runs\CartPole-v1__ppo__2__1784437811
223428,500.0,ppo,2,runs\CartPole-v1__ppo__2__1784437811
223664,500.0,ppo,2,runs\CartPole-v1__ppo__2__1784437811
223732,500.0,ppo,2,runs\CartPole-v1__ppo__2__1784437811
224996,500.0,ppo,2,runs\CartPole-v1__ppo__2__1784437811
225428,500.0,ppo,2,runs\CartPole-v1__ppo__2__1784437811
225664,500.0,ppo,2,runs\CartPole-v1__ppo__2__1784437811
225732,500.0,ppo,2,runs\CartPole-v1__ppo__2__1784437811
226996,500.0,ppo,2,runs\CartPole-v1__ppo__2__1784437811
227428,500.0,ppo,2,runs\CartPole-v1__ppo__2__1784437811
227664,500.0,ppo,2,runs\CartPole-v1__ppo__2__1784437811
227732,500.0,ppo,2,runs\CartPole-v1__ppo__2__1784437811
228996,500.0,ppo,2,runs\CartPole-v1__ppo__2__1784437811
229428,500.0,ppo,2,runs\CartPole-v1__ppo__2__1784437811
229664,500.0,ppo,2,runs\CartPole-v1__ppo__2__1784437811
229732,500.0,ppo,2,runs\CartPole-v1__ppo__2__1784437811
230632,242.0,ppo,2,runs\CartPole-v1__ppo__2__1784437811
230996,500.0,ppo,2,runs\CartPole-v1__ppo__2__1784437811
231428,500.0,ppo,2,runs\CartPole-v1__ppo__2__1784437811
231732,500.0,ppo,2,runs\CartPole-v1__ppo__2__1784437811
232424,448.0,ppo,2,runs\CartPole-v1__ppo__2__1784437811
232676,420.0,ppo,2,runs\CartPole-v1__ppo__2__1784437811
233428,500.0,ppo,2,runs\CartPole-v1__ppo__2__1784437811
233732,500.0,ppo,2,runs\CartPole-v1__ppo__2__1784437811
234272,399.0,ppo,2,runs\CartPole-v1__ppo__2__1784437811
234424,500.0,ppo,2,runs\CartPole-v1__ppo__2__1784437811
235428,500.0,ppo,2,runs\CartPole-v1__ppo__2__1784437811
235732,500.0,ppo,2,runs\CartPole-v1__ppo__2__1784437811
236272,500.0,ppo,2,runs\CartPole-v1__ppo__2__1784437811
236424,500.0,ppo,2,runs\CartPole-v1__ppo__2__1784437811
236852,280.0,ppo,2,runs\CartPole-v1__ppo__2__1784437811
237428,500.0,ppo,2,runs\CartPole-v1__ppo__2__1784437811
238272,500.0,ppo,2,runs\CartPole-v1__ppo__2__1784437811
238424,500.0,ppo,2,runs\CartPole-v1__ppo__2__1784437811
238852,500.0,ppo,2,runs\CartPole-v1__ppo__2__1784437811
239428,500.0,ppo,2,runs\CartPole-v1__ppo__2__1784437811
240272,500.0,ppo,2,runs\CartPole-v1__ppo__2__1784437811
240424,500.0,ppo,2,runs\CartPole-v1__ppo__2__1784437811
240852,500.0,ppo,2,runs\CartPole-v1__ppo__2__1784437811
241428,500.0,ppo,2,runs\CartPole-v1__ppo__2__1784437811
242272,500.0,ppo,2,runs\CartPole-v1__ppo__2__1784437811
242424,500.0,ppo,2,runs\CartPole-v1__ppo__2__1784437811
242852,500.0,ppo,2,runs\CartPole-v1__ppo__2__1784437811
243428,500.0,ppo,2,runs\CartPole-v1__ppo__2__1784437811
244272,500.0,ppo,2,runs\CartPole-v1__ppo__2__1784437811
244424,500.0,ppo,2,runs\CartPole-v1__ppo__2__1784437811
244852,500.0,ppo,2,runs\CartPole-v1__ppo__2__1784437811
245428,500.0,ppo,2,runs\CartPole-v1__ppo__2__1784437811
246272,500.0,ppo,2,runs\CartPole-v1__ppo__2__1784437811
246424,500.0,ppo,2,runs\CartPole-v1__ppo__2__1784437811
246852,500.0,ppo,2,runs\CartPole-v1__ppo__2__1784437811
247428,500.0,ppo,2,runs\CartPole-v1__ppo__2__1784437811
248272,500.0,ppo,2,runs\CartPole-v1__ppo__2__1784437811
248424,500.0,ppo,2,runs\CartPole-v1__ppo__2__1784437811
248508,270.0,ppo,2,runs\CartPole-v1__ppo__2__1784437811
248852,500.0,ppo,2,runs\CartPole-v1__ppo__2__1784437811
250272,500.0,ppo,2,runs\CartPole-v1__ppo__2__1784437811
250424,500.0,ppo,2,runs\CartPole-v1__ppo__2__1784437811
250508,500.0,ppo,2,runs\CartPole-v1__ppo__2__1784437811
250588,434.0,ppo,2,runs\CartPole-v1__ppo__2__1784437811
252272,500.0,ppo,2,runs\CartPole-v1__ppo__2__1784437811
252424,500.0,ppo,2,runs\CartPole-v1__ppo__2__1784437811
252508,500.0,ppo,2,runs\CartPole-v1__ppo__2__1784437811
252588,500.0,ppo,2,runs\CartPole-v1__ppo__2__1784437811
253304,258.0,ppo,2,runs\CartPole-v1__ppo__2__1784437811
254424,500.0,ppo,2,runs\CartPole-v1__ppo__2__1784437811
254508,500.0,ppo,2,runs\CartPole-v1__ppo__2__1784437811
254588,500.0,ppo,2,runs\CartPole-v1__ppo__2__1784437811
255304,500.0,ppo,2,runs\CartPole-v1__ppo__2__1784437811
256112,381.0,ppo,2,runs\CartPole-v1__ppo__2__1784437811
256424,500.0,ppo,2,runs\CartPole-v1__ppo__2__1784437811
256508,500.0,ppo,2,runs\CartPole-v1__ppo__2__1784437811
257304,500.0,ppo,2,runs\CartPole-v1__ppo__2__1784437811
258112,500.0,ppo,2,runs\CartPole-v1__ppo__2__1784437811
258424,500.0,ppo,2,runs\CartPole-v1__ppo__2__1784437811
258508,500.0,ppo,2,runs\CartPole-v1__ppo__2__1784437811
259304,500.0,ppo,2,runs\CartPole-v1__ppo__2__1784437811
260112,500.0,ppo,2,runs\CartPole-v1__ppo__2__1784437811
260424,500.0,ppo,2,runs\CartPole-v1__ppo__2__1784437811
260508,500.0,ppo,2,runs\CartPole-v1__ppo__2__1784437811
261304,500.0,ppo,2,runs\CartPole-v1__ppo__2__1784437811
262112,500.0,ppo,2,runs\CartPole-v1__ppo__2__1784437811
262424,500.0,ppo,2,runs\CartPole-v1__ppo__2__1784437811
262508,500.0,ppo,2,runs\CartPole-v1__ppo__2__1784437811
263304,500.0,ppo,2,runs\CartPole-v1__ppo__2__1784437811
264112,500.0,ppo,2,runs\CartPole-v1__ppo__2__1784437811
264424,500.0,ppo,2,runs\CartPole-v1__ppo__2__1784437811
264508,500.0,ppo,2,runs\CartPole-v1__ppo__2__1784437811
265304,500.0,ppo,2,runs\CartPole-v1__ppo__2__1784437811
265556,361.0,ppo,2,runs\CartPole-v1__ppo__2__1784437811
265928,376.0,ppo,2,runs\CartPole-v1__ppo__2__1784437811
266192,222.0,ppo,2,runs\CartPole-v1__ppo__2__1784437811
266508,500.0,ppo,2,runs\CartPole-v1__ppo__2__1784437811
266900,243.0,ppo,2,runs\CartPole-v1__ppo__2__1784437811
267036,211.0,ppo,2,runs\CartPole-v1__ppo__2__1784437811
267556,500.0,ppo,2,runs\CartPole-v1__ppo__2__1784437811
267584,269.0,ppo,2,runs\CartPole-v1__ppo__2__1784437811
267648,187.0,ppo,2,runs\CartPole-v1__ppo__2__1784437811
268276,310.0,ppo,2,runs\CartPole-v1__ppo__2__1784437811
268416,208.0,ppo,2,runs\CartPole-v1__ppo__2__1784437811
268924,319.0,ppo,2,runs\CartPole-v1__ppo__2__1784437811
269448,293.0,ppo,2,runs\CartPole-v1__ppo__2__1784437811
269556,500.0,ppo,2,runs\CartPole-v1__ppo__2__1784437811
270360,228.0,ppo,2,runs\CartPole-v1__ppo__2__1784437811
270416,500.0,ppo,2,runs\CartPole-v1__ppo__2__1784437811
270692,284.0,ppo,2,runs\CartPole-v1__ppo__2__1784437811
270924,500.0,ppo,2,runs\CartPole-v1__ppo__2__1784437811
271012,163.0,ppo,2,runs\CartPole-v1__ppo__2__1784437811
271384,173.0,ppo,2,runs\CartPole-v1__ppo__2__1784437811
272064,170.0,ppo,2,runs\CartPole-v1__ppo__2__1784437811
272108,296.0,ppo,2,runs\CartPole-v1__ppo__2__1784437811
272332,479.0,ppo,2,runs\CartPole-v1__ppo__2__1784437811
272336,331.0,ppo,2,runs\CartPole-v1__ppo__2__1784437811
272636,143.0,ppo,2,runs\CartPole-v1__ppo__2__1784437811
272768,165.0,ppo,2,runs\CartPole-v1__ppo__2__1784437811
272976,160.0,ppo,2,runs\CartPole-v1__ppo__2__1784437811
273160,207.0,ppo,2,runs\CartPole-v1__ppo__2__1784437811
273888,228.0,ppo,2,runs\CartPole-v1__ppo__2__1784437811
273928,192.0,ppo,2,runs\CartPole-v1__ppo__2__1784437811
274636,500.0,ppo,2,runs\CartPole-v1__ppo__2__1784437811
274768,500.0,ppo,2,runs\CartPole-v1__ppo__2__1784437811
275700,453.0,ppo,2,runs\CartPole-v1__ppo__2__1784437811
275928,500.0,ppo,2,runs\CartPole-v1__ppo__2__1784437811
276104,367.0,ppo,2,runs\CartPole-v1__ppo__2__1784437811
276768,500.0,ppo,2,runs\CartPole-v1__ppo__2__1784437811
277380,363.0,ppo,2,runs\CartPole-v1__ppo__2__1784437811
277528,457.0,ppo,2,runs\CartPole-v1__ppo__2__1784437811
278004,475.0,ppo,2,runs\CartPole-v1__ppo__2__1784437811
278768,500.0,ppo,2,runs\CartPole-v1__ppo__2__1784437811
279380,500.0,ppo,2,runs\CartPole-v1__ppo__2__1784437811
279528,500.0,ppo,2,runs\CartPole-v1__ppo__2__1784437811
280004,500.0,ppo,2,runs\CartPole-v1__ppo__2__1784437811
280660,283.0,ppo,2,runs\CartPole-v1__ppo__2__1784437811
280768,500.0,ppo,2,runs\CartPole-v1__ppo__2__1784437811
281380,500.0,ppo,2,runs\CartPole-v1__ppo__2__1784437811
282004,500.0,ppo,2,runs\CartPole-v1__ppo__2__1784437811
282660,500.0,ppo,2,runs\CartPole-v1__ppo__2__1784437811
282732,491.0,ppo,2,runs\CartPole-v1__ppo__2__1784437811
283188,296.0,ppo,2,runs\CartPole-v1__ppo__2__1784437811
283380,500.0,ppo,2,runs\CartPole-v1__ppo__2__1784437811
284276,386.0,ppo,2,runs\CartPole-v1__ppo__2__1784437811
284660,500.0,ppo,2,runs\CartPole-v1__ppo__2__1784437811
285188,500.0,ppo,2,runs\CartPole-v1__ppo__2__1784437811
285380,500.0,ppo,2,runs\CartPole-v1__ppo__2__1784437811
286276,500.0,ppo,2,runs\CartPole-v1__ppo__2__1784437811
286660,500.0,ppo,2,runs\CartPole-v1__ppo__2__1784437811
287188,500.0,ppo,2,runs\CartPole-v1__ppo__2__1784437811
287380,500.0,ppo,2,runs\CartPole-v1__ppo__2__1784437811
288276,500.0,ppo,2,runs\CartPole-v1__ppo__2__1784437811
288660,500.0,ppo,2,runs\CartPole-v1__ppo__2__1784437811
289188,500.0,ppo,2,runs\CartPole-v1__ppo__2__1784437811
289380,500.0,ppo,2,runs\CartPole-v1__ppo__2__1784437811
289736,365.0,ppo,2,runs\CartPole-v1__ppo__2__1784437811
290660,500.0,ppo,2,runs\CartPole-v1__ppo__2__1784437811
291188,500.0,ppo,2,runs\CartPole-v1__ppo__2__1784437811
291380,500.0,ppo,2,runs\CartPole-v1__ppo__2__1784437811
291736,500.0,ppo,2,runs\CartPole-v1__ppo__2__1784437811
292660,500.0,ppo,2,runs\CartPole-v1__ppo__2__1784437811
293188,500.0,ppo,2,runs\CartPole-v1__ppo__2__1784437811
293380,500.0,ppo,2,runs\CartPole-v1__ppo__2__1784437811
293736,500.0,ppo,2,runs\CartPole-v1__ppo__2__1784437811
294660,500.0,ppo,2,runs\CartPole-v1__ppo__2__1784437811
295188,500.0,ppo,2,runs\CartPole-v1__ppo__2__1784437811
295380,500.0,ppo,2,runs\CartPole-v1__ppo__2__1784437811
295736,500.0,ppo,2,runs\CartPole-v1__ppo__2__1784437811
296352,243.0,ppo,2,runs\CartPole-v1__ppo__2__1784437811
296660,500.0,ppo,2,runs\CartPole-v1__ppo__2__1784437811
296708,380.0,ppo,2,runs\CartPole-v1__ppo__2__1784437811
296956,305.0,ppo,2,runs\CartPole-v1__ppo__2__1784437811
297780,357.0,ppo,2,runs\CartPole-v1__ppo__2__1784437811
298056,337.0,ppo,2,runs\CartPole-v1__ppo__2__1784437811
298660,500.0,ppo,2,runs\CartPole-v1__ppo__2__1784437811
298880,481.0,ppo,2,runs\CartPole-v1__ppo__2__1784437811
299780,500.0,ppo,2,runs\CartPole-v1__ppo__2__1784437811
300056,500.0,ppo,2,runs\CartPole-v1__ppo__2__1784437811
300660,500.0,ppo,2,runs\CartPole-v1__ppo__2__1784437811
300880,500.0,ppo,2,runs\CartPole-v1__ppo__2__1784437811
301564,171.0,ppo,2,runs\CartPole-v1__ppo__2__1784437811
301780,500.0,ppo,2,runs\CartPole-v1__ppo__2__1784437811
301892,459.0,ppo,2,runs\CartPole-v1__ppo__2__1784437811
302372,428.0,ppo,2,runs\CartPole-v1__ppo__2__1784437811
303556,444.0,ppo,2,runs\CartPole-v1__ppo__2__1784437811
303564,500.0,ppo,2,runs\CartPole-v1__ppo__2__1784437811
303892,500.0,ppo,2,runs\CartPole-v1__ppo__2__1784437811
304300,186.0,ppo,2,runs\CartPole-v1__ppo__2__1784437811
304372,500.0,ppo,2,runs\CartPole-v1__ppo__2__1784437811
305564,500.0,ppo,2,runs\CartPole-v1__ppo__2__1784437811
305892,500.0,ppo,2,runs\CartPole-v1__ppo__2__1784437811
306300,500.0,ppo,2,runs\CartPole-v1__ppo__2__1784437811
306332,490.0,ppo,2,runs\CartPole-v1__ppo__2__1784437811
307228,416.0,ppo,2,runs\CartPole-v1__ppo__2__1784437811
307892,500.0,ppo,2,runs\CartPole-v1__ppo__2__1784437811
308300,500.0,ppo,2,runs\CartPole-v1__ppo__2__1784437811
308332,500.0,ppo,2,runs\CartPole-v1__ppo__2__1784437811
309228,500.0,ppo,2,runs\CartPole-v1__ppo__2__1784437811
309892,500.0,ppo,2,runs\CartPole-v1__ppo__2__1784437811
310300,500.0,ppo,2,runs\CartPole-v1__ppo__2__1784437811
310332,500.0,ppo,2,runs\CartPole-v1__ppo__2__1784437811
311228,500.0,ppo,2,runs\CartPole-v1__ppo__2__1784437811
311892,500.0,ppo,2,runs\CartPole-v1__ppo__2__1784437811
312300,500.0,ppo,2,runs\CartPole-v1__ppo__2__1784437811
312300,492.0,ppo,2,runs\CartPole-v1__ppo__2__1784437811
313228,500.0,ppo,2,runs\CartPole-v1__ppo__2__1784437811
313892,500.0,ppo,2,runs\CartPole-v1__ppo__2__1784437811
314300,500.0,ppo,2,runs\CartPole-v1__ppo__2__1784437811
314300,500.0,ppo,2,runs\CartPole-v1__ppo__2__1784437811
315228,500.0,ppo,2,runs\CartPole-v1__ppo__2__1784437811
315892,500.0,ppo,2,runs\CartPole-v1__ppo__2__1784437811
316300,500.0,ppo,2,runs\CartPole-v1__ppo__2__1784437811
316300,500.0,ppo,2,runs\CartPole-v1__ppo__2__1784437811
317228,500.0,ppo,2,runs\CartPole-v1__ppo__2__1784437811
317700,350.0,ppo,2,runs\CartPole-v1__ppo__2__1784437811
317892,500.0,ppo,2,runs\CartPole-v1__ppo__2__1784437811
318104,451.0,ppo,2,runs\CartPole-v1__ppo__2__1784437811
319228,500.0,ppo,2,runs\CartPole-v1__ppo__2__1784437811
319700,500.0,ppo,2,runs\CartPole-v1__ppo__2__1784437811
319816,428.0,ppo,2,runs\CartPole-v1__ppo__2__1784437811
319892,500.0,ppo,2,runs\CartPole-v1__ppo__2__1784437811
321228,500.0,ppo,2,runs\CartPole-v1__ppo__2__1784437811
321700,500.0,ppo,2,runs\CartPole-v1__ppo__2__1784437811
321816,500.0,ppo,2,runs\CartPole-v1__ppo__2__1784437811
321892,500.0,ppo,2,runs\CartPole-v1__ppo__2__1784437811
323228,500.0,ppo,2,runs\CartPole-v1__ppo__2__1784437811
323700,500.0,ppo,2,runs\CartPole-v1__ppo__2__1784437811
323816,500.0,ppo,2,runs\CartPole-v1__ppo__2__1784437811
323892,500.0,ppo,2,runs\CartPole-v1__ppo__2__1784437811
325228,500.0,ppo,2,runs\CartPole-v1__ppo__2__1784437811
325700,500.0,ppo,2,runs\CartPole-v1__ppo__2__1784437811
325816,500.0,ppo,2,runs\CartPole-v1__ppo__2__1784437811
325892,500.0,ppo,2,runs\CartPole-v1__ppo__2__1784437811
327228,500.0,ppo,2,runs\CartPole-v1__ppo__2__1784437811
327700,500.0,ppo,2,runs\CartPole-v1__ppo__2__1784437811
327816,500.0,ppo,2,runs\CartPole-v1__ppo__2__1784437811
327892,500.0,ppo,2,runs\CartPole-v1__ppo__2__1784437811
328348,280.0,ppo,2,runs\CartPole-v1__ppo__2__1784437811
329700,500.0,ppo,2,runs\CartPole-v1__ppo__2__1784437811
329816,500.0,ppo,2,runs\CartPole-v1__ppo__2__1784437811
329892,500.0,ppo,2,runs\CartPole-v1__ppo__2__1784437811
330348,500.0,ppo,2,runs\CartPole-v1__ppo__2__1784437811
331584,442.0,ppo,2,runs\CartPole-v1__ppo__2__1784437811
331700,500.0,ppo,2,runs\CartPole-v1__ppo__2__1784437811
331744,349.0,ppo,2,runs\CartPole-v1__ppo__2__1784437811
331892,500.0,ppo,2,runs\CartPole-v1__ppo__2__1784437811
333584,500.0,ppo,2,runs\CartPole-v1__ppo__2__1784437811
333700,500.0,ppo,2,runs\CartPole-v1__ppo__2__1784437811
333744,500.0,ppo,2,runs\CartPole-v1__ppo__2__1784437811
333892,500.0,ppo,2,runs\CartPole-v1__ppo__2__1784437811
335584,500.0,ppo,2,runs\CartPole-v1__ppo__2__1784437811
335700,500.0,ppo,2,runs\CartPole-v1__ppo__2__1784437811
335744,500.0,ppo,2,runs\CartPole-v1__ppo__2__1784437811
335892,500.0,ppo,2,runs\CartPole-v1__ppo__2__1784437811
337540,460.0,ppo,2,runs\CartPole-v1__ppo__2__1784437811
337584,500.0,ppo,2,runs\CartPole-v1__ppo__2__1784437811
337744,500.0,ppo,2,runs\CartPole-v1__ppo__2__1784437811
337892,500.0,ppo,2,runs\CartPole-v1__ppo__2__1784437811
339540,500.0,ppo,2,runs\CartPole-v1__ppo__2__1784437811
339584,500.0,ppo,2,runs\CartPole-v1__ppo__2__1784437811
339744,500.0,ppo,2,runs\CartPole-v1__ppo__2__1784437811
339892,500.0,ppo,2,runs\CartPole-v1__ppo__2__1784437811
340536,198.0,ppo,2,runs\CartPole-v1__ppo__2__1784437811
341432,462.0,ppo,2,runs\CartPole-v1__ppo__2__1784437811
341456,230.0,ppo,2,runs\CartPole-v1__ppo__2__1784437811
341540,500.0,ppo,2,runs\CartPole-v1__ppo__2__1784437811
341892,500.0,ppo,2,runs\CartPole-v1__ppo__2__1784437811
343432,500.0,ppo,2,runs\CartPole-v1__ppo__2__1784437811
343456,500.0,ppo,2,runs\CartPole-v1__ppo__2__1784437811
343540,500.0,ppo,2,runs\CartPole-v1__ppo__2__1784437811
343892,500.0,ppo,2,runs\CartPole-v1__ppo__2__1784437811
345432,500.0,ppo,2,runs\CartPole-v1__ppo__2__1784437811
345456,500.0,ppo,2,runs\CartPole-v1__ppo__2__1784437811
345540,500.0,ppo,2,runs\CartPole-v1__ppo__2__1784437811
345892,500.0,ppo,2,runs\CartPole-v1__ppo__2__1784437811
347432,500.0,ppo,2,runs\CartPole-v1__ppo__2__1784437811
347456,500.0,ppo,2,runs\CartPole-v1__ppo__2__1784437811
347540,500.0,ppo,2,runs\CartPole-v1__ppo__2__1784437811
347892,500.0,ppo,2,runs\CartPole-v1__ppo__2__1784437811
349432,500.0,ppo,2,runs\CartPole-v1__ppo__2__1784437811
349456,500.0,ppo,2,runs\CartPole-v1__ppo__2__1784437811
349540,500.0,ppo,2,runs\CartPole-v1__ppo__2__1784437811
349892,500.0,ppo,2,runs\CartPole-v1__ppo__2__1784437811
351432,500.0,ppo,2,runs\CartPole-v1__ppo__2__1784437811
351456,500.0,ppo,2,runs\CartPole-v1__ppo__2__1784437811
351540,500.0,ppo,2,runs\CartPole-v1__ppo__2__1784437811
351892,500.0,ppo,2,runs\CartPole-v1__ppo__2__1784437811
353432,500.0,ppo,2,runs\CartPole-v1__ppo__2__1784437811
353456,500.0,ppo,2,runs\CartPole-v1__ppo__2__1784437811
353540,500.0,ppo,2,runs\CartPole-v1__ppo__2__1784437811
353892,500.0,ppo,2,runs\CartPole-v1__ppo__2__1784437811
355432,500.0,ppo,2,runs\CartPole-v1__ppo__2__1784437811
355456,500.0,ppo,2,runs\CartPole-v1__ppo__2__1784437811
355540,500.0,ppo,2,runs\CartPole-v1__ppo__2__1784437811
355892,500.0,ppo,2,runs\CartPole-v1__ppo__2__1784437811
357432,500.0,ppo,2,runs\CartPole-v1__ppo__2__1784437811
357456,500.0,ppo,2,runs\CartPole-v1__ppo__2__1784437811
357540,500.0,ppo,2,runs\CartPole-v1__ppo__2__1784437811
357892,500.0,ppo,2,runs\CartPole-v1__ppo__2__1784437811
359432,500.0,ppo,2,runs\CartPole-v1__ppo__2__1784437811
359456,500.0,ppo,2,runs\CartPole-v1__ppo__2__1784437811
359540,500.0,ppo,2,runs\CartPole-v1__ppo__2__1784437811
359892,500.0,ppo,2,runs\CartPole-v1__ppo__2__1784437811
361432,500.0,ppo,2,runs\CartPole-v1__ppo__2__1784437811
361456,500.0,ppo,2,runs\CartPole-v1__ppo__2__1784437811
361540,500.0,ppo,2,runs\CartPole-v1__ppo__2__1784437811
361892,500.0,ppo,2,runs\CartPole-v1__ppo__2__1784437811
363432,500.0,ppo,2,runs\CartPole-v1__ppo__2__1784437811
363456,500.0,ppo,2,runs\CartPole-v1__ppo__2__1784437811
363540,500.0,ppo,2,runs\CartPole-v1__ppo__2__1784437811
363892,500.0,ppo,2,runs\CartPole-v1__ppo__2__1784437811
365432,500.0,ppo,2,runs\CartPole-v1__ppo__2__1784437811
365456,500.0,ppo,2,runs\CartPole-v1__ppo__2__1784437811
365540,500.0,ppo,2,runs\CartPole-v1__ppo__2__1784437811
365892,500.0,ppo,2,runs\CartPole-v1__ppo__2__1784437811
367432,500.0,ppo,2,runs\CartPole-v1__ppo__2__1784437811
367456,500.0,ppo,2,runs\CartPole-v1__ppo__2__1784437811
367540,500.0,ppo,2,runs\CartPole-v1__ppo__2__1784437811
367892,500.0,ppo,2,runs\CartPole-v1__ppo__2__1784437811
369432,500.0,ppo,2,runs\CartPole-v1__ppo__2__1784437811
369456,500.0,ppo,2,runs\CartPole-v1__ppo__2__1784437811
369540,500.0,ppo,2,runs\CartPole-v1__ppo__2__1784437811
369892,500.0,ppo,2,runs\CartPole-v1__ppo__2__1784437811
371432,500.0,ppo,2,runs\CartPole-v1__ppo__2__1784437811
371456,500.0,ppo,2,runs\CartPole-v1__ppo__2__1784437811
371540,500.0,ppo,2,runs\CartPole-v1__ppo__2__1784437811
371892,500.0,ppo,2,runs\CartPole-v1__ppo__2__1784437811
372968,384.0,ppo,2,runs\CartPole-v1__ppo__2__1784437811
373456,500.0,ppo,2,runs\CartPole-v1__ppo__2__1784437811
373540,500.0,ppo,2,runs\CartPole-v1__ppo__2__1784437811
373892,500.0,ppo,2,runs\CartPole-v1__ppo__2__1784437811
374968,500.0,ppo,2,runs\CartPole-v1__ppo__2__1784437811
375456,500.0,ppo,2,runs\CartPole-v1__ppo__2__1784437811
375540,500.0,ppo,2,runs\CartPole-v1__ppo__2__1784437811
375892,500.0,ppo,2,runs\CartPole-v1__ppo__2__1784437811
376968,500.0,ppo,2,runs\CartPole-v1__ppo__2__1784437811
377456,500.0,ppo,2,runs\CartPole-v1__ppo__2__1784437811
377540,500.0,ppo,2,runs\CartPole-v1__ppo__2__1784437811
377892,500.0,ppo,2,runs\CartPole-v1__ppo__2__1784437811
378968,500.0,ppo,2,runs\CartPole-v1__ppo__2__1784437811
379456,500.0,ppo,2,runs\CartPole-v1__ppo__2__1784437811
379540,500.0,ppo,2,runs\CartPole-v1__ppo__2__1784437811
379892,500.0,ppo,2,runs\CartPole-v1__ppo__2__1784437811
380968,500.0,ppo,2,runs\CartPole-v1__ppo__2__1784437811
381456,500.0,ppo,2,runs\CartPole-v1__ppo__2__1784437811
381540,500.0,ppo,2,runs\CartPole-v1__ppo__2__1784437811
381892,500.0,ppo,2,runs\CartPole-v1__ppo__2__1784437811
382968,500.0,ppo,2,runs\CartPole-v1__ppo__2__1784437811
383456,500.0,ppo,2,runs\CartPole-v1__ppo__2__1784437811
383540,500.0,ppo,2,runs\CartPole-v1__ppo__2__1784437811
383892,500.0,ppo,2,runs\CartPole-v1__ppo__2__1784437811
384968,500.0,ppo,2,runs\CartPole-v1__ppo__2__1784437811
385456,500.0,ppo,2,runs\CartPole-v1__ppo__2__1784437811
385540,500.0,ppo,2,runs\CartPole-v1__ppo__2__1784437811
385892,500.0,ppo,2,runs\CartPole-v1__ppo__2__1784437811
386968,500.0,ppo,2,runs\CartPole-v1__ppo__2__1784437811
387456,500.0,ppo,2,runs\CartPole-v1__ppo__2__1784437811
387540,500.0,ppo,2,runs\CartPole-v1__ppo__2__1784437811
387892,500.0,ppo,2,runs\CartPole-v1__ppo__2__1784437811
388968,500.0,ppo,2,runs\CartPole-v1__ppo__2__1784437811
389456,500.0,ppo,2,runs\CartPole-v1__ppo__2__1784437811
389540,500.0,ppo,2,runs\CartPole-v1__ppo__2__1784437811
389892,500.0,ppo,2,runs\CartPole-v1__ppo__2__1784437811
390968,500.0,ppo,2,runs\CartPole-v1__ppo__2__1784437811
391456,500.0,ppo,2,runs\CartPole-v1__ppo__2__1784437811
391540,500.0,ppo,2,runs\CartPole-v1__ppo__2__1784437811
391892,500.0,ppo,2,runs\CartPole-v1__ppo__2__1784437811
392968,500.0,ppo,2,runs\CartPole-v1__ppo__2__1784437811
393456,500.0,ppo,2,runs\CartPole-v1__ppo__2__1784437811
393540,500.0,ppo,2,runs\CartPole-v1__ppo__2__1784437811
393892,500.0,ppo,2,runs\CartPole-v1__ppo__2__1784437811
394968,500.0,ppo,2,runs\CartPole-v1__ppo__2__1784437811
395456,500.0,ppo,2,runs\CartPole-v1__ppo__2__1784437811
395540,500.0,ppo,2,runs\CartPole-v1__ppo__2__1784437811
395892,500.0,ppo,2,runs\CartPole-v1__ppo__2__1784437811
396968,500.0,ppo,2,runs\CartPole-v1__ppo__2__1784437811
397456,500.0,ppo,2,runs\CartPole-v1__ppo__2__1784437811
397540,500.0,ppo,2,runs\CartPole-v1__ppo__2__1784437811
397892,500.0,ppo,2,runs\CartPole-v1__ppo__2__1784437811
398968,500.0,ppo,2,runs\CartPole-v1__ppo__2__1784437811
399456,500.0,ppo,2,runs\CartPole-v1__ppo__2__1784437811
399540,500.0,ppo,2,runs\CartPole-v1__ppo__2__1784437811
399892,500.0,ppo,2,runs\CartPole-v1__ppo__2__1784437811
400968,500.0,ppo,2,runs\CartPole-v1__ppo__2__1784437811
401456,500.0,ppo,2,runs\CartPole-v1__ppo__2__1784437811
401540,500.0,ppo,2,runs\CartPole-v1__ppo__2__1784437811
401892,500.0,ppo,2,runs\CartPole-v1__ppo__2__1784437811
402968,500.0,ppo,2,runs\CartPole-v1__ppo__2__1784437811
403456,500.0,ppo,2,runs\CartPole-v1__ppo__2__1784437811
403540,500.0,ppo,2,runs\CartPole-v1__ppo__2__1784437811
403892,500.0,ppo,2,runs\CartPole-v1__ppo__2__1784437811
404968,500.0,ppo,2,runs\CartPole-v1__ppo__2__1784437811
405456,500.0,ppo,2,runs\CartPole-v1__ppo__2__1784437811
405540,500.0,ppo,2,runs\CartPole-v1__ppo__2__1784437811
405892,500.0,ppo,2,runs\CartPole-v1__ppo__2__1784437811
406968,500.0,ppo,2,runs\CartPole-v1__ppo__2__1784437811
407456,500.0,ppo,2,runs\CartPole-v1__ppo__2__1784437811
407540,500.0,ppo,2,runs\CartPole-v1__ppo__2__1784437811
407892,500.0,ppo,2,runs\CartPole-v1__ppo__2__1784437811
408968,500.0,ppo,2,runs\CartPole-v1__ppo__2__1784437811
409456,500.0,ppo,2,runs\CartPole-v1__ppo__2__1784437811
409540,500.0,ppo,2,runs\CartPole-v1__ppo__2__1784437811
409892,500.0,ppo,2,runs\CartPole-v1__ppo__2__1784437811
410968,500.0,ppo,2,runs\CartPole-v1__ppo__2__1784437811
411456,500.0,ppo,2,runs\CartPole-v1__ppo__2__1784437811
411540,500.0,ppo,2,runs\CartPole-v1__ppo__2__1784437811
411892,500.0,ppo,2,runs\CartPole-v1__ppo__2__1784437811
412968,500.0,ppo,2,runs\CartPole-v1__ppo__2__1784437811
413456,500.0,ppo,2,runs\CartPole-v1__ppo__2__1784437811
413540,500.0,ppo,2,runs\CartPole-v1__ppo__2__1784437811
413892,500.0,ppo,2,runs\CartPole-v1__ppo__2__1784437811
414968,500.0,ppo,2,runs\CartPole-v1__ppo__2__1784437811
415456,500.0,ppo,2,runs\CartPole-v1__ppo__2__1784437811
415540,500.0,ppo,2,runs\CartPole-v1__ppo__2__1784437811
415892,500.0,ppo,2,runs\CartPole-v1__ppo__2__1784437811
416968,500.0,ppo,2,runs\CartPole-v1__ppo__2__1784437811
417456,500.0,ppo,2,runs\CartPole-v1__ppo__2__1784437811
417540,500.0,ppo,2,runs\CartPole-v1__ppo__2__1784437811
417892,500.0,ppo,2,runs\CartPole-v1__ppo__2__1784437811
418968,500.0,ppo,2,runs\CartPole-v1__ppo__2__1784437811
419456,500.0,ppo,2,runs\CartPole-v1__ppo__2__1784437811
419540,500.0,ppo,2,runs\CartPole-v1__ppo__2__1784437811
419892,500.0,ppo,2,runs\CartPole-v1__ppo__2__1784437811
420968,500.0,ppo,2,runs\CartPole-v1__ppo__2__1784437811
421224,421.0,ppo,2,runs\CartPole-v1__ppo__2__1784437811
421456,500.0,ppo,2,runs\CartPole-v1__ppo__2__1784437811
421892,500.0,ppo,2,runs\CartPole-v1__ppo__2__1784437811
422968,500.0,ppo,2,runs\CartPole-v1__ppo__2__1784437811
423224,500.0,ppo,2,runs\CartPole-v1__ppo__2__1784437811
423456,500.0,ppo,2,runs\CartPole-v1__ppo__2__1784437811
423892,500.0,ppo,2,runs\CartPole-v1__ppo__2__1784437811
424968,500.0,ppo,2,runs\CartPole-v1__ppo__2__1784437811
425224,500.0,ppo,2,runs\CartPole-v1__ppo__2__1784437811
425456,500.0,ppo,2,runs\CartPole-v1__ppo__2__1784437811
425892,500.0,ppo,2,runs\CartPole-v1__ppo__2__1784437811
426968,500.0,ppo,2,runs\CartPole-v1__ppo__2__1784437811
427224,500.0,ppo,2,runs\CartPole-v1__ppo__2__1784437811
427456,500.0,ppo,2,runs\CartPole-v1__ppo__2__1784437811
427892,500.0,ppo,2,runs\CartPole-v1__ppo__2__1784437811
428968,500.0,ppo,2,runs\CartPole-v1__ppo__2__1784437811
429224,500.0,ppo,2,runs\CartPole-v1__ppo__2__1784437811
429456,500.0,ppo,2,runs\CartPole-v1__ppo__2__1784437811
429892,500.0,ppo,2,runs\CartPole-v1__ppo__2__1784437811
430968,500.0,ppo,2,runs\CartPole-v1__ppo__2__1784437811
431224,500.0,ppo,2,runs\CartPole-v1__ppo__2__1784437811
431456,500.0,ppo,2,runs\CartPole-v1__ppo__2__1784437811
431892,500.0,ppo,2,runs\CartPole-v1__ppo__2__1784437811
432968,500.0,ppo,2,runs\CartPole-v1__ppo__2__1784437811
433224,500.0,ppo,2,runs\CartPole-v1__ppo__2__1784437811
433456,500.0,ppo,2,runs\CartPole-v1__ppo__2__1784437811
433596,157.0,ppo,2,runs\CartPole-v1__ppo__2__1784437811
433892,500.0,ppo,2,runs\CartPole-v1__ppo__2__1784437811
435224,500.0,ppo,2,runs\CartPole-v1__ppo__2__1784437811
435456,500.0,ppo,2,runs\CartPole-v1__ppo__2__1784437811
435596,500.0,ppo,2,runs\CartPole-v1__ppo__2__1784437811
435892,500.0,ppo,2,runs\CartPole-v1__ppo__2__1784437811
437224,500.0,ppo,2,runs\CartPole-v1__ppo__2__1784437811
437456,500.0,ppo,2,runs\CartPole-v1__ppo__2__1784437811
437596,500.0,ppo,2,runs\CartPole-v1__ppo__2__1784437811
437892,500.0,ppo,2,runs\CartPole-v1__ppo__2__1784437811
439224,500.0,ppo,2,runs\CartPole-v1__ppo__2__1784437811
439456,500.0,ppo,2,runs\CartPole-v1__ppo__2__1784437811
439596,500.0,ppo,2,runs\CartPole-v1__ppo__2__1784437811
439892,500.0,ppo,2,runs\CartPole-v1__ppo__2__1784437811
441224,500.0,ppo,2,runs\CartPole-v1__ppo__2__1784437811
441456,500.0,ppo,2,runs\CartPole-v1__ppo__2__1784437811
441596,500.0,ppo,2,runs\CartPole-v1__ppo__2__1784437811
441892,500.0,ppo,2,runs\CartPole-v1__ppo__2__1784437811
443224,500.0,ppo,2,runs\CartPole-v1__ppo__2__1784437811
443456,500.0,ppo,2,runs\CartPole-v1__ppo__2__1784437811
443596,500.0,ppo,2,runs\CartPole-v1__ppo__2__1784437811
443892,500.0,ppo,2,runs\CartPole-v1__ppo__2__1784437811
445224,500.0,ppo,2,runs\CartPole-v1__ppo__2__1784437811
445456,500.0,ppo,2,runs\CartPole-v1__ppo__2__1784437811
445596,500.0,ppo,2,runs\CartPole-v1__ppo__2__1784437811
445892,500.0,ppo,2,runs\CartPole-v1__ppo__2__1784437811
447224,500.0,ppo,2,runs\CartPole-v1__ppo__2__1784437811
447456,500.0,ppo,2,runs\CartPole-v1__ppo__2__1784437811
447596,500.0,ppo,2,runs\CartPole-v1__ppo__2__1784437811
447892,500.0,ppo,2,runs\CartPole-v1__ppo__2__1784437811
449224,500.0,ppo,2,runs\CartPole-v1__ppo__2__1784437811
449456,500.0,ppo,2,runs\CartPole-v1__ppo__2__1784437811
449596,500.0,ppo,2,runs\CartPole-v1__ppo__2__1784437811
449892,500.0,ppo,2,runs\CartPole-v1__ppo__2__1784437811
451224,500.0,ppo,2,runs\CartPole-v1__ppo__2__1784437811
451456,500.0,ppo,2,runs\CartPole-v1__ppo__2__1784437811
451596,500.0,ppo,2,runs\CartPole-v1__ppo__2__1784437811
451892,500.0,ppo,2,runs\CartPole-v1__ppo__2__1784437811
453224,500.0,ppo,2,runs\CartPole-v1__ppo__2__1784437811
453456,500.0,ppo,2,runs\CartPole-v1__ppo__2__1784437811
453596,500.0,ppo,2,runs\CartPole-v1__ppo__2__1784437811
453892,500.0,ppo,2,runs\CartPole-v1__ppo__2__1784437811
455224,500.0,ppo,2,runs\CartPole-v1__ppo__2__1784437811
455456,500.0,ppo,2,runs\CartPole-v1__ppo__2__1784437811
455596,500.0,ppo,2,runs\CartPole-v1__ppo__2__1784437811
455892,500.0,ppo,2,runs\CartPole-v1__ppo__2__1784437811
457224,500.0,ppo,2,runs\CartPole-v1__ppo__2__1784437811
457456,500.0,ppo,2,runs\CartPole-v1__ppo__2__1784437811
457596,500.0,ppo,2,runs\CartPole-v1__ppo__2__1784437811
457892,500.0,ppo,2,runs\CartPole-v1__ppo__2__1784437811
459224,500.0,ppo,2,runs\CartPole-v1__ppo__2__1784437811
459456,500.0,ppo,2,runs\CartPole-v1__ppo__2__1784437811
459596,500.0,ppo,2,runs\CartPole-v1__ppo__2__1784437811
459892,500.0,ppo,2,runs\CartPole-v1__ppo__2__1784437811
461208,329.0,ppo,2,runs\CartPole-v1__ppo__2__1784437811
461224,500.0,ppo,2,runs\CartPole-v1__ppo__2__1784437811
461456,500.0,ppo,2,runs\CartPole-v1__ppo__2__1784437811
461596,500.0,ppo,2,runs\CartPole-v1__ppo__2__1784437811
463208,500.0,ppo,2,runs\CartPole-v1__ppo__2__1784437811
463224,500.0,ppo,2,runs\CartPole-v1__ppo__2__1784437811
463456,500.0,ppo,2,runs\CartPole-v1__ppo__2__1784437811
463596,500.0,ppo,2,runs\CartPole-v1__ppo__2__1784437811
465208,500.0,ppo,2,runs\CartPole-v1__ppo__2__1784437811
465224,500.0,ppo,2,runs\CartPole-v1__ppo__2__1784437811
465456,500.0,ppo,2,runs\CartPole-v1__ppo__2__1784437811
465596,500.0,ppo,2,runs\CartPole-v1__ppo__2__1784437811
467208,500.0,ppo,2,runs\CartPole-v1__ppo__2__1784437811
467224,500.0,ppo,2,runs\CartPole-v1__ppo__2__1784437811
467456,500.0,ppo,2,runs\CartPole-v1__ppo__2__1784437811
467596,500.0,ppo,2,runs\CartPole-v1__ppo__2__1784437811
469208,500.0,ppo,2,runs\CartPole-v1__ppo__2__1784437811
469224,500.0,ppo,2,runs\CartPole-v1__ppo__2__1784437811
469456,500.0,ppo,2,runs\CartPole-v1__ppo__2__1784437811
469596,500.0,ppo,2,runs\CartPole-v1__ppo__2__1784437811
471208,500.0,ppo,2,runs\CartPole-v1__ppo__2__1784437811
471224,500.0,ppo,2,runs\CartPole-v1__ppo__2__1784437811
471456,500.0,ppo,2,runs\CartPole-v1__ppo__2__1784437811
471596,500.0,ppo,2,runs\CartPole-v1__ppo__2__1784437811
473208,500.0,ppo,2,runs\CartPole-v1__ppo__2__1784437811
473224,500.0,ppo,2,runs\CartPole-v1__ppo__2__1784437811
473456,500.0,ppo,2,runs\CartPole-v1__ppo__2__1784437811
473596,500.0,ppo,2,runs\CartPole-v1__ppo__2__1784437811
475208,500.0,ppo,2,runs\CartPole-v1__ppo__2__1784437811
475224,500.0,ppo,2,runs\CartPole-v1__ppo__2__1784437811
475456,500.0,ppo,2,runs\CartPole-v1__ppo__2__1784437811
475596,500.0,ppo,2,runs\CartPole-v1__ppo__2__1784437811
477208,500.0,ppo,2,runs\CartPole-v1__ppo__2__1784437811
477224,500.0,ppo,2,runs\CartPole-v1__ppo__2__1784437811
477456,500.0,ppo,2,runs\CartPole-v1__ppo__2__1784437811
477596,500.0,ppo,2,runs\CartPole-v1__ppo__2__1784437811
479208,500.0,ppo,2,runs\CartPole-v1__ppo__2__1784437811
479224,500.0,ppo,2,runs\CartPole-v1__ppo__2__1784437811
479456,500.0,ppo,2,runs\CartPole-v1__ppo__2__1784437811
479596,500.0,ppo,2,runs\CartPole-v1__ppo__2__1784437811
481208,500.0,ppo,2,runs\CartPole-v1__ppo__2__1784437811
481224,500.0,ppo,2,runs\CartPole-v1__ppo__2__1784437811
481456,500.0,ppo,2,runs\CartPole-v1__ppo__2__1784437811
481596,500.0,ppo,2,runs\CartPole-v1__ppo__2__1784437811
483208,500.0,ppo,2,runs\CartPole-v1__ppo__2__1784437811
483224,500.0,ppo,2,runs\CartPole-v1__ppo__2__1784437811
483456,500.0,ppo,2,runs\CartPole-v1__ppo__2__1784437811
483596,500.0,ppo,2,runs\CartPole-v1__ppo__2__1784437811
485036,453.0,ppo,2,runs\CartPole-v1__ppo__2__1784437811
485208,500.0,ppo,2,runs\CartPole-v1__ppo__2__1784437811
485456,500.0,ppo,2,runs\CartPole-v1__ppo__2__1784437811
485596,500.0,ppo,2,runs\CartPole-v1__ppo__2__1784437811
487036,500.0,ppo,2,runs\CartPole-v1__ppo__2__1784437811
487208,500.0,ppo,2,runs\CartPole-v1__ppo__2__1784437811
487456,500.0,ppo,2,runs\CartPole-v1__ppo__2__1784437811
487596,500.0,ppo,2,runs\CartPole-v1__ppo__2__1784437811
489036,500.0,ppo,2,runs\CartPole-v1__ppo__2__1784437811
489208,500.0,ppo,2,runs\CartPole-v1__ppo__2__1784437811
489456,500.0,ppo,2,runs\CartPole-v1__ppo__2__1784437811
489596,500.0,ppo,2,runs\CartPole-v1__ppo__2__1784437811
491036,500.0,ppo,2,runs\CartPole-v1__ppo__2__1784437811
491208,500.0,ppo,2,runs\CartPole-v1__ppo__2__1784437811
491456,500.0,ppo,2,runs\CartPole-v1__ppo__2__1784437811
491596,500.0,ppo,2,runs\CartPole-v1__ppo__2__1784437811
493036,500.0,ppo,2,runs\CartPole-v1__ppo__2__1784437811
493208,500.0,ppo,2,runs\CartPole-v1__ppo__2__1784437811
493456,500.0,ppo,2,runs\CartPole-v1__ppo__2__1784437811
493596,500.0,ppo,2,runs\CartPole-v1__ppo__2__1784437811
495036,500.0,ppo,2,runs\CartPole-v1__ppo__2__1784437811
495208,500.0,ppo,2,runs\CartPole-v1__ppo__2__1784437811
495456,500.0,ppo,2,runs\CartPole-v1__ppo__2__1784437811
495596,500.0,ppo,2,runs\CartPole-v1__ppo__2__1784437811
497036,500.0,ppo,2,runs\CartPole-v1__ppo__2__1784437811
497208,500.0,ppo,2,runs\CartPole-v1__ppo__2__1784437811
497456,500.0,ppo,2,runs\CartPole-v1__ppo__2__1784437811
497596,500.0,ppo,2,runs\CartPole-v1__ppo__2__1784437811
499036,500.0,ppo,2,runs\CartPole-v1__ppo__2__1784437811
499208,500.0,ppo,2,runs\CartPole-v1__ppo__2__1784437811
499456,500.0,ppo,2,runs\CartPole-v1__ppo__2__1784437811
499596,500.0,ppo,2,runs\CartPole-v1__ppo__2__1784437811
